latitude,longitude,brightness,scan,track,acq_date,acq_time,satellite,instrument,confidence,version,bright_t31,frp,daynight
36.98479,126.6927,300.88,1.24,1.11,2025-02-01,1227,Terra,MODIS,35,6.1NRT,274.68,12.68,N
36.98031,126.68984,301.82,1.35,1.15,2025-02-02,0520,Aqua,MODIS,37,6.1NRT,282.99,10.43,D
36.98298,126.70437,303.46,1.35,1.15,2025-02-02,0520,Aqua,MODIS,53,6.1NRT,283.87,11.85,D
37.55538,127.05664,302.6,1.34,1.15,2025-02-04,0145,Terra,MODIS,50,6.1NRT,269.74,15.89,D
36.98527,126.6964,305.9,1.01,1,2025-02-05,0540,Aqua,MODIS,35,6.1NRT,278.31,9.84,D
36.98546,126.70064,313.95,1.01,1,2025-02-06,0126,Terra,MODIS,74,6.1NRT,274.93,16.74,D
36.98392,126.71164,304.71,1,1,2025-02-06,0126,Terra,MODIS,56,6.1NRT,275.88,10.01,D
36.98228,126.70168,300.11,1,1,2025-02-11,0128,Terra,MODIS,28,6.1NRT,277.88,7.22,D
36.98295,126.70195,306.3,1.4,1.17,2025-02-13,0109,Terra,MODIS,48,6.1NRT,281.22,16.26,D
36.99146,126.69935,301.02,1.12,1.05,2025-02-16,1819,Aqua,MODIS,32,6.1NRT,272.11,10.22,N
36.9899,126.71156,301.93,1.11,1.05,2025-02-16,1819,Aqua,MODIS,45,6.1NRT,274.45,11.27,N
35.36197,128.77525,300.63,1.16,1.07,2025-02-17,0520,Aqua,MODIS,13,6.1NRT,286.46,5.63,D
35.74427,128.09842,304.52,1.22,1.1,2025-02-17,0520,Aqua,MODIS,59,6.1NRT,278.78,12.91,D
36.98189,126.6932,305.06,1.37,1.16,2025-02-17,0522,Aqua,MODIS,44,6.1NRT,283.99,11.94,D
36.98467,126.70792,302.62,1.37,1.16,2025-02-17,0522,Aqua,MODIS,40,6.1NRT,283.78,9.9,D
35.99889,129.38596,305.76,1.15,1.07,2025-02-20,0540,Aqua,MODIS,59,6.1NRT,287.84,8.89,D
36.98376,126.71156,304.01,1.03,1.01,2025-02-21,0132,Terra,MODIS,42,6.1NRT,279.07,8.56,D
36.98549,126.70036,303.05,1.03,1.01,2025-02-21,0132,Terra,MODIS,41,6.1NRT,279.15,8.22,D
36.98553,126.70503,301.94,1.03,1.01,2025-02-21,1233,Terra,MODIS,45,6.1NRT,274.25,10.6,N
35.30568,128.31345,300.08,1.22,1.1,2025-02-22,0520,Aqua,MODIS,20,6.1NRT,286.77,5.14,D
36.98231,126.70088,306.45,1.38,1.16,2025-02-22,0522,Aqua,MODIS,55,6.1NRT,284.34,14.86,D
36.98316,126.70918,301.41,1.8,1.31,2025-02-24,0153,Terra,MODIS,24,6.1NRT,279.3,14.95,D
36.38526,128.46317,303.55,1.26,1.12,2025-02-26,0134,Terra,MODIS,56,6.1NRT,281.2,10.1,D
36.2329,128.08832,305.23,1.23,1.1,2025-02-27,0522,Aqua,MODIS,56,6.1NRT,288.43,8.29,D
36.22793,128.0826,314.46,1.23,1.1,2025-02-27,0522,Aqua,MODIS,75,6.1NRT,289.67,17.58,D
36.1629,128.24155,305.88,1.21,1.09,2025-02-27,0522,Aqua,MODIS,41,6.1NRT,293.22,6.02,D
35.98232,128.2565,307.06,1.22,1.1,2025-02-27,0522,Aqua,MODIS,20,6.1NRT,289.21,9.24,D
36.2995,128.06967,304.89,1.23,1.1,2025-02-27,0522,Aqua,MODIS,42,6.1NRT,291.32,7.85,D
36.11655,127.05474,304.13,1.39,1.17,2025-02-27,0522,Aqua,MODIS,58,6.1NRT,291.16,6.96,D
36.6714,128.17596,300.92,1.2,1.09,2025-02-27,0522,Aqua,MODIS,43,6.1NRT,285.25,6.71,D
36.97772,129.3835,307.65,1.07,1.03,2025-02-27,0522,Aqua,MODIS,66,6.1NRT,285.92,9.33,D
36.97583,129.37192,309.47,1.07,1.03,2025-02-27,0522,Aqua,MODIS,69,6.1NRT,285.71,10.79,D
36.88173,128.59308,300.6,1.14,1.06,2025-02-27,0522,Aqua,MODIS,38,6.1NRT,288.86,4.43,D
38.24265,128.20819,302.24,1.13,1.06,2025-02-27,0522,Aqua,MODIS,50,6.1NRT,285.85,7.84,D
38.26597,127.57748,300.02,1.2,1.09,2025-02-27,0522,Aqua,MODIS,20,6.1NRT,283.34,7.88,D
38.26362,127.56409,305.83,1.2,1.09,2025-02-27,0522,Aqua,MODIS,62,6.1NRT,284.63,11.96,D
36.23058,128.07538,305.37,1.23,1.1,2025-02-27,0522,Aqua,MODIS,57,6.1NRT,289.13,8.72,D
36.99589,126.37438,307.51,1.45,1.19,2025-02-28,0559,Aqua,MODIS,0,6.1NRT,286.51,14.86,D
36.9942,126.35852,308.67,1.45,1.19,2025-02-28,0559,Aqua,MODIS,0,6.1NRT,286.51,16.06,D
36.99788,126.35616,321.25,1.61,1.25,2025-02-28,1216,Terra,MODIS,91,6.1NRT,278.35,0,N
36.98605,126.70612,302.12,1.08,1.04,2025-03-06,1838,Aqua,MODIS,47,6.1NRT,276.17,10.79,N
36.09325,128.38132,310.3,1.24,1.1,2025-03-09,0518,Aqua,MODIS,0,6.1NRT,293.82,8.76,D
35.89601,129.08028,303.89,1.16,1.07,2025-03-09,0518,Aqua,MODIS,54,6.1NRT,287.73,7.85,D
35.30314,128.3091,303.97,1.28,1.12,2025-03-09,0518,Aqua,MODIS,42,6.1NRT,292.32,5.13,D
35.17484,128.12067,311.96,1.32,1.14,2025-03-09,0518,Aqua,MODIS,72,6.1NRT,294.96,13.74,D
35.12667,127.97239,305.04,1.35,1.15,2025-03-09,0518,Aqua,MODIS,41,6.1NRT,289.73,10.28,D
35.12608,127.96316,301.13,1.35,1.15,2025-03-09,0518,Aqua,MODIS,39,6.1NRT,288.15,6.88,D
35.12859,127.9771,305.93,1.35,1.15,2025-03-09,0518,Aqua,MODIS,62,6.1NRT,289.43,11.24,D
35.09748,128.20554,300.82,1.31,1.14,2025-03-09,0518,Aqua,MODIS,28,6.1NRT,290.28,5.52,D
35.10003,128.21945,305.82,1.31,1.13,2025-03-09,0518,Aqua,MODIS,60,6.1NRT,289.88,9.96,D
35.93373,128.81528,305.58,1.19,1.08,2025-03-09,0518,Aqua,MODIS,46,6.1NRT,294.4,7.38,D
37.00822,127.58771,302.45,1.3,1.13,2025-03-09,0521,Aqua,MODIS,51,6.1NRT,289.13,7.08,D
37.48116,129.04982,300.52,1,1,2025-03-10,0120,Terra,MODIS,38,6.1NRT,286.52,6.02,D
36.98256,126.69721,301.08,1.06,1.03,2025-03-10,0120,Terra,MODIS,24,6.1NRT,281.63,5.65,D
36.98108,126.70885,305.66,1.06,1.03,2025-03-10,0120,Terra,MODIS,60,6.1NRT,283.61,8.83,D
35.44433,129.34578,304.96,1.03,1.01,2025-03-10,0120,Terra,MODIS,0,6.1NRT,284.2,7.1,D
35.24354,128.15137,301.46,1,1,2025-03-10,0120,Terra,MODIS,45,6.1NRT,284.46,5.04,D
37.3325,126.72282,302.83,2.23,1.45,2025-03-11,0158,Terra,MODIS,0,6.1NRT,289.36,14.4,D
35.51964,128.46355,304.05,2.5,1.52,2025-03-11,0501,Aqua,MODIS,48,6.1NRT,292.37,18.55,D
35.24325,128.13789,305.46,2.66,1.57,2025-03-11,0501,Aqua,MODIS,61,6.1NRT,292.67,24.28,D
35.45338,129.02559,301.19,1.06,1.03,2025-03-12,0540,Aqua,MODIS,42,6.1NRT,286.72,4.07,D
35.45189,129.0143,312.19,1.06,1.03,2025-03-12,0540,Aqua,MODIS,72,6.1NRT,287.36,11.94,D
35.1432,128.85603,309.25,1.24,1.11,2025-03-14,0521,Aqua,MODIS,40,6.1NRT,293.93,9.16,D
35.09949,128.21342,305.45,1.34,1.15,2025-03-14,0521,Aqua,MODIS,38,6.1NRT,292.94,7.22,D
35.12799,127.97477,309.88,1.38,1.16,2025-03-14,0521,Aqua,MODIS,60,6.1NRT,293.02,13.77,D
35.67635,128.95602,301.64,1.21,1.09,2025-03-14,0521,Aqua,MODIS,48,6.1NRT,288.75,6.6,D
35.67422,128.9438,310.69,1.21,1.09,2025-03-14,0521,Aqua,MODIS,70,6.1NRT,287.16,14.01,D
35.6353,128.42151,309.38,1.28,1.12,2025-03-14,0521,Aqua,MODIS,54,6.1NRT,297.64,7.07,D
35.89473,129.084,300.1,1.18,1.08,2025-03-14,0521,Aqua,MODIS,19,6.1NRT,288.65,4.37,D
35.86009,128.82619,309.12,1.21,1.1,2025-03-14,0521,Aqua,MODIS,46,6.1NRT,295.22,7.15,D
35.8632,128.81883,307.93,1.21,1.1,2025-03-14,0521,Aqua,MODIS,44,6.1NRT,294.83,5.65,D
36.00434,128.50867,308.8,1.25,1.11,2025-03-14,0521,Aqua,MODIS,68,6.1NRT,291.32,11.16,D
36.09401,128.37886,314.64,1.26,1.12,2025-03-14,0521,Aqua,MODIS,0,6.1NRT,298.84,10.5,D
35.97889,126.9049,306.79,1.53,1.22,2025-03-14,0521,Aqua,MODIS,63,6.1NRT,293.38,8.15,D
35.98215,126.89902,304.38,1.53,1.22,2025-03-14,0521,Aqua,MODIS,56,6.1NRT,293.35,5.88,D
37.48203,129.04626,300.26,1.13,1.06,2025-03-14,0521,Aqua,MODIS,30,6.1NRT,287.8,5.45,D
37.14963,127.00951,305.57,1.42,1.18,2025-03-14,0521,Aqua,MODIS,52,6.1NRT,291.96,5.57,D
36.65081,127.38763,300.75,1.01,1,2025-03-15,0122,Terra,MODIS,39,6.1NRT,286.33,3.96,D
36.98313,126.70599,302.62,1.7,1.28,2025-03-17,0102,Terra,MODIS,0,6.1NRT,286.57,13.42,D
35.16576,127.92899,301.58,1,1,2025-03-17,0540,Aqua,MODIS,36,6.1NRT,287.99,4.9,D
35.08499,128.96407,304,1.26,1.12,2025-03-19,0518,Aqua,MODIS,0,6.1NRT,290.97,7.16,D
35.13346,127.97223,301.18,1.42,1.18,2025-03-19,0518,Aqua,MODIS,39,6.1NRT,284.84,10.02,D
35.67896,128.455,305.61,1.31,1.13,2025-03-19,0518,Aqua,MODIS,25,6.1NRT,292.22,9.27,D
35.85981,128.82497,312,1.24,1.11,2025-03-19,0518,Aqua,MODIS,65,6.1NRT,290.81,12.82,D
35.8602,128.53712,305.45,1.29,1.13,2025-03-19,0518,Aqua,MODIS,38,6.1NRT,290.13,7,D
35.93286,128.82722,303.4,1.24,1.11,2025-03-19,0518,Aqua,MODIS,11,6.1NRT,289.81,5.67,D
36.00959,128.50526,313.32,1.28,1.12,2025-03-19,0518,Aqua,MODIS,74,6.1NRT,284.95,20.29,D
35.98529,128.25745,302.79,1.32,1.14,2025-03-19,0518,Aqua,MODIS,18,6.1NRT,287.73,7.8,D
36.03053,128.39096,302.03,1.3,1.13,2025-03-19,0518,Aqua,MODIS,0,6.1NRT,287.05,6.83,D
35.72782,126.80354,302.71,1.62,1.25,2025-03-19,0518,Aqua,MODIS,53,6.1NRT,285.47,10.38,D
35.73859,126.80029,327.88,1.62,1.25,2025-03-19,0518,Aqua,MODIS,85,6.1NRT,286.83,53.32,D
36.13387,128.44243,314.07,1.29,1.13,2025-03-19,0518,Aqua,MODIS,74,6.1NRT,289.26,18.36,D
36.98258,126.69855,302.99,1.54,1.22,2025-03-19,0518,Aqua,MODIS,0,6.1NRT,288.85,10.39,D
37.29703,127.48312,300.21,1.37,1.16,2025-03-19,0518,Aqua,MODIS,32,6.1NRT,285.3,5.66,D
38.17385,127.22295,300.14,1.36,1.16,2025-03-19,0518,Aqua,MODIS,18,6.1NRT,282.43,9.05,D
36.98754,126.6983,309.33,1.01,1.01,2025-03-20,0122,Terra,MODIS,59,6.1NRT,287.61,8.79,D
36.98602,126.70935,305.17,1.01,1.01,2025-03-20,0122,Terra,MODIS,41,6.1NRT,290.12,6.22,D
35.95035,128.30904,300.67,1.02,1.01,2025-03-20,0122,Terra,MODIS,26,6.1NRT,286.01,3.71,D
35.95432,128.21326,302.11,1.02,1.01,2025-03-20,0122,Terra,MODIS,27,6.1NRT,286.11,5.72,D
35.84976,128.35965,303,1.03,1.01,2025-03-20,0122,Terra,MODIS,49,6.1NRT,285.1,6.25,D
35.5489,129.37784,310.56,1.1,1.05,2025-03-20,0122,Terra,MODIS,0,6.1NRT,290.46,11.39,D
35.58664,129.08614,300.01,1.07,1.03,2025-03-20,0122,Terra,MODIS,10,6.1NRT,287.93,4.64,D
35.6769,128.45576,300.83,1.03,1.02,2025-03-20,0122,Terra,MODIS,28,6.1NRT,286.99,4.42,D
35.11527,127.97231,352.62,1.53,1.22,2025-03-20,0559,Aqua,MODIS,97,6.1NRT,290.15,125.31,D
35.11357,127.9558,403.5,1.53,1.22,2025-03-20,0559,Aqua,MODIS,100,6.1NRT,299.44,509.01,D
35.12426,127.9539,300.95,1.53,1.22,2025-03-20,0559,Aqua,MODIS,24,6.1NRT,288.63,6.1,D
36.97387,126.6981,308.09,1.37,1.16,2025-03-20,0559,Aqua,MODIS,37,6.1NRT,294.67,9.23,D
36.98196,126.69682,307.85,1.2,1.09,2025-03-20,1223,Terra,MODIS,73,6.1NRT,281.17,16.05,N
36.98603,126.69904,302.85,2.63,1.56,2025-03-21,0202,Terra,MODIS,0,6.1NRT,289.39,16.21,D
35.44312,128.78418,301.62,3.92,1.84,2025-03-21,0202,Terra,MODIS,42,6.1NRT,289.69,33.8,D
35.45133,128.78194,301.14,3.92,1.84,2025-03-21,0202,Terra,MODIS,40,6.1NRT,290.09,33.31,D
35.26223,127.81084,305.22,2.08,1.4,2025-03-21,1304,Terra,MODIS,63,6.1NRT,283.03,26.76,N
36.986,126.70511,306.75,1.03,1.02,2025-03-21,1836,Aqua,MODIS,69,6.1NRT,281.83,12.68,N
35.25481,127.79831,307.54,1.17,1.08,2025-03-21,1838,Aqua,MODIS,32,6.1NRT,280.96,13.01,N
37.48308,129.05959,306.36,1.21,1.09,2025-03-22,0105,Terra,MODIS,63,6.1NRT,294.24,6.22,D
35.25214,127.80287,310.19,1.31,1.13,2025-03-22,0105,Terra,MODIS,69,6.1NRT,292.4,11.25,D
35.25069,127.81606,302.58,1.31,1.13,2025-03-22,0105,Terra,MODIS,33,6.1NRT,290.99,4.28,D
35.23302,127.83176,365.98,1,1,2025-03-22,0540,Aqua,MODIS,100,6.1NRT,303.5,98.13,D
34.81987,127.05025,314.26,1.02,1.01,2025-03-22,0540,Aqua,MODIS,71,6.1NRT,295.92,10.24,D
34.94485,127.20448,308.72,1.01,1,2025-03-22,0540,Aqua,MODIS,59,6.1NRT,295.28,6.91,D
35.27742,128.85564,311.17,1.02,1.01,2025-03-22,0540,Aqua,MODIS,44,6.1NRT,298.24,4.07,D
35.28772,128.86453,383.15,1.02,1.01,2025-03-22,0540,Aqua,MODIS,100,6.1NRT,301.49,166.06,D
35.28623,128.85367,425.25,1.02,1.01,2025-03-22,0540,Aqua,MODIS,100,6.1NRT,318.69,447.54,D
35.28475,128.84293,334.26,1.02,1.01,2025-03-22,0540,Aqua,MODIS,87,6.1NRT,302.81,28.66,D
35.29655,128.86272,342.66,1.02,1.01,2025-03-22,0540,Aqua,MODIS,92,6.1NRT,295.82,43.6,D
35.29506,128.85188,404.38,1.02,1.01,2025-03-22,0540,Aqua,MODIS,100,6.1NRT,308.04,282.1,D
35.29358,128.84114,337.46,1.02,1.01,2025-03-22,0540,Aqua,MODIS,89,6.1NRT,302.55,33.57,D
35.16434,127.92937,308.3,1,1,2025-03-22,0540,Aqua,MODIS,48,6.1NRT,297.3,3.76,D
35.39638,129.26099,343.82,1.04,1.02,2025-03-22,0540,Aqua,MODIS,93,6.1NRT,300.46,47.86,D
35.39487,129.24985,331.75,1.04,1.02,2025-03-22,0540,Aqua,MODIS,86,6.1NRT,300.86,28.07,D
35.40531,129.25926,321.16,1.04,1.02,2025-03-22,0540,Aqua,MODIS,77,6.1NRT,298.28,15.47,D
35.40378,129.24799,331.4,1.04,1.02,2025-03-22,0540,Aqua,MODIS,85,6.1NRT,298.28,28.34,D
35.23769,127.86368,314.85,1,1,2025-03-22,0540,Aqua,MODIS,61,6.1NRT,292.18,9.51,D
35.23613,127.85303,408.5,1,1,2025-03-22,0540,Aqua,MODIS,100,6.1NRT,306.32,303.7,D
35.23457,127.8424,398.36,1,1,2025-03-22,0540,Aqua,MODIS,100,6.1NRT,306.64,238.04,D
35.23146,127.82113,330.4,1,1,2025-03-22,0540,Aqua,MODIS,84,6.1NRT,300.99,24.16,D
35.24641,127.86175,348.07,1,1,2025-03-22,0540,Aqua,MODIS,95,6.1NRT,293.32,54.03,D
35.24485,127.85111,480.95,1,1,2025-03-22,0540,Aqua,MODIS,100,6.1NRT,319.84,1196.8,D
35.24329,127.84048,407.32,1,1,2025-03-22,0540,Aqua,MODIS,100,6.1NRT,317.05,293.45,D
35.24174,127.82983,357.89,1,1,2025-03-22,0540,Aqua,MODIS,99,6.1NRT,304.84,74.52,D
35.24018,127.8192,346.52,1,1,2025-03-22,0540,Aqua,MODIS,94,6.1NRT,301.78,48.86,D
35.23862,127.80856,356.49,1,1,2025-03-22,0540,Aqua,MODIS,98,6.1NRT,304.43,71.09,D
35.23706,127.79793,346.79,1,1,2025-03-22,0540,Aqua,MODIS,94,6.1NRT,302.09,50.78,D
35.25357,127.84919,328.46,1,1,2025-03-22,0540,Aqua,MODIS,84,6.1NRT,294.61,22.03,D
35.25202,127.83855,364.74,1,1,2025-03-22,0540,Aqua,MODIS,100,6.1NRT,298.65,93.99,D
35.25046,127.82791,365.94,1,1,2025-03-22,0540,Aqua,MODIS,100,6.1NRT,300.19,97.58,D
35.2489,127.81727,352.27,1,1,2025-03-22,0540,Aqua,MODIS,97,6.1NRT,300.19,61.66,D
35.24734,127.80663,313.33,1,1,2025-03-22,0540,Aqua,MODIS,46,6.1NRT,295.91,6.71,D
35.24578,127.796,314.79,1,1,2025-03-22,0540,Aqua,MODIS,59,6.1NRT,299.02,9.19,D
35.45749,128.30486,315.43,1.01,1,2025-03-22,0540,Aqua,MODIS,71,6.1NRT,298.62,10.19,D
35.45594,128.29404,307.92,1.01,1,2025-03-22,0540,Aqua,MODIS,55,6.1NRT,297.14,4.67,D
35.39962,127.34161,308.64,1,1,2025-03-22,0540,Aqua,MODIS,54,6.1NRT,297.52,4.05,D
35.78905,128.69579,315.52,1.02,1.01,2025-03-22,0540,Aqua,MODIS,71,6.1NRT,295.24,10.52,D
35.78751,128.68474,305.98,1.02,1.01,2025-03-22,0540,Aqua,MODIS,41,6.1NRT,295.31,3.6,D
35.90328,127.55058,313.15,1,1,2025-03-22,0540,Aqua,MODIS,68,6.1NRT,295,9.56,D
35.9017,127.53985,309.95,1,1,2025-03-22,0540,Aqua,MODIS,56,6.1NRT,293.89,7.48,D
36.22426,128.69756,309.32,1.02,1.01,2025-03-22,0540,Aqua,MODIS,40,6.1NRT,296.32,3.72,D
36.22276,128.68655,363.43,1.02,1.01,2025-03-22,0540,Aqua,MODIS,100,6.1NRT,302.73,94.14,D
36.22124,128.67551,346.69,1.02,1.01,2025-03-22,0540,Aqua,MODIS,94,6.1NRT,302.17,52.42,D
36.35202,128.6812,319.3,1.03,1.01,2025-03-22,0540,Aqua,MODIS,49,6.1NRT,293.63,12.64,D
36.35052,128.67012,321.57,1.03,1.01,2025-03-22,0540,Aqua,MODIS,62,6.1NRT,295.56,14.3,D
36.34599,128.63676,335.38,1.02,1.01,2025-03-22,0540,Aqua,MODIS,41,6.1NRT,297.34,27.08,D
36.34448,128.62573,327.15,1.02,1.01,2025-03-22,0540,Aqua,MODIS,49,6.1NRT,298.15,17.61,D
36.34298,128.61467,323.63,1.02,1.01,2025-03-22,0540,Aqua,MODIS,80,6.1NRT,297.62,16.12,D
36.36087,128.67932,398.12,1.03,1.01,2025-03-22,0540,Aqua,MODIS,100,6.1NRT,299.83,243.66,D
36.35936,128.66817,428.58,1.03,1.01,2025-03-22,0540,Aqua,MODIS,100,6.1NRT,315.88,480.29,D
36.35783,128.65698,397.95,1.02,1.01,2025-03-22,0540,Aqua,MODIS,100,6.1NRT,311.24,239.51,D
36.35633,128.6459,426.81,1.02,1.01,2025-03-22,0540,Aqua,MODIS,100,6.1NRT,307.15,461.04,D
36.35482,128.63484,454.32,1.02,1.01,2025-03-22,0540,Aqua,MODIS,100,6.1NRT,321.28,785.37,D
36.35331,128.62381,452.26,1.02,1.01,2025-03-22,0540,Aqua,MODIS,100,6.1NRT,321.6,757.02,D
36.35181,128.61279,451.94,1.02,1.01,2025-03-22,0540,Aqua,MODIS,100,6.1NRT,325.31,752.59,D
36.3503,128.60176,361.39,1.02,1.01,2025-03-22,0540,Aqua,MODIS,100,6.1NRT,302.62,85.1,D
36.36819,128.66623,433.63,1.03,1.01,2025-03-22,0540,Aqua,MODIS,100,6.1NRT,305.05,531.99,D
36.36667,128.65509,468.2,1.02,1.01,2025-03-22,0540,Aqua,MODIS,100,6.1NRT,324.46,1001.85,D
36.36517,128.64407,374.33,1.02,1.01,2025-03-22,0540,Aqua,MODIS,100,6.1NRT,303.05,125.49,D
36.36366,128.63301,353.36,1.02,1.01,2025-03-22,0540,Aqua,MODIS,97,6.1NRT,297.5,61.6,D
36.36214,128.6219,381.7,1.02,1.01,2025-03-22,0540,Aqua,MODIS,100,6.1NRT,303.31,156.25,D
36.36062,128.61076,489.39,1.02,1.01,2025-03-22,0540,Aqua,MODIS,100,6.1NRT,331.9,1407.42,D
36.35911,128.59972,389.72,1.02,1.01,2025-03-22,0540,Aqua,MODIS,100,6.1NRT,309.32,195.16,D
36.37703,128.66431,314.85,1.03,1.01,2025-03-22,0540,Aqua,MODIS,47,6.1NRT,296.2,7.96,D
36.37551,128.65321,320.63,1.02,1.01,2025-03-22,0540,Aqua,MODIS,77,6.1NRT,295.92,12.94,D
36.37097,128.62,313.36,1.02,1.01,2025-03-22,0540,Aqua,MODIS,13,6.1NRT,296.39,6.05,D
36.36946,128.6089,330.19,1.02,1.01,2025-03-22,0540,Aqua,MODIS,85,6.1NRT,296.36,23.59,D
36.36795,128.5979,314.01,1.02,1.01,2025-03-22,0540,Aqua,MODIS,39,6.1NRT,297.46,6.29,D
36.17516,127.13021,306.71,1,1,2025-03-22,0540,Aqua,MODIS,43,6.1NRT,294.79,3.12,D
36.51777,126.63722,307.4,1.01,1.01,2025-03-22,0540,Aqua,MODIS,53,6.1NRT,295.06,5.51,D
37.12067,127.0165,309.61,1,1,2025-03-22,0540,Aqua,MODIS,63,6.1NRT,296.74,4.37,D
37.27174,127.73219,343.42,1,1,2025-03-22,0540,Aqua,MODIS,93,6.1NRT,296.81,46.44,D
37.27018,127.72124,309.66,1,1,2025-03-22,0540,Aqua,MODIS,65,6.1NRT,295.18,5.76,D
37.28048,127.73021,330.14,1,1,2025-03-22,0540,Aqua,MODIS,86,6.1NRT,295.65,25.88,D
35.41328,129.23799,313.44,1.69,1.28,2025-03-22,1204,Terra,MODIS,87,6.1NRT,286.68,30.23,N
36.36411,128.71513,305.52,1.73,1.29,2025-03-22,1204,Terra,MODIS,16,6.1NRT,285.84,17.15,N
36.39307,128.80417,303.58,1.71,1.28,2025-03-22,1204,Terra,MODIS,56,6.1NRT,285.18,16.55,N
36.38965,128.78639,338.29,1.71,1.28,2025-03-22,1204,Terra,MODIS,100,6.1NRT,288.17,93.94,N
36.38608,128.76784,337.88,1.72,1.29,2025-03-22,1204,Terra,MODIS,100,6.1NRT,289.47,90.94,N
36.38253,128.74944,334.64,1.72,1.29,2025-03-22,1204,Terra,MODIS,100,6.1NRT,290.05,79.87,N
36.37898,128.73105,314.85,1.73,1.29,2025-03-22,1204,Terra,MODIS,35,6.1NRT,288.89,29.09,N
36.37534,128.7122,311.08,1.73,1.29,2025-03-22,1204,Terra,MODIS,58,6.1NRT,288.24,24.44,N
36.37163,128.69299,309.19,1.74,1.29,2025-03-22,1204,Terra,MODIS,41,6.1NRT,286.06,21.5,N
36.36776,128.73399,310.59,1.73,1.29,2025-03-22,1204,Terra,MODIS,39,6.1NRT,286.54,23.76,N
36.39366,128.74609,365.09,1.72,1.29,2025-03-22,1204,Terra,MODIS,100,6.1NRT,290.12,226.89,N
36.39016,128.72787,353.86,1.73,1.29,2025-03-22,1204,Terra,MODIS,100,6.1NRT,290.93,158.98,N
36.3865,128.70882,343.05,1.73,1.29,2025-03-22,1204,Terra,MODIS,100,6.1NRT,289.64,109.87,N
36.38282,128.68968,316.91,1.74,1.29,2025-03-22,1204,Terra,MODIS,63,6.1NRT,287.57,33.96,N
36.3793,128.67146,335.66,1.74,1.29,2025-03-22,1204,Terra,MODIS,100,6.1NRT,288.61,81.82,N
36.37577,128.65314,312.43,1.75,1.3,2025-03-22,1204,Terra,MODIS,43,6.1NRT,287.09,25.36,N
36.39054,128.66838,341.7,1.74,1.29,2025-03-22,1204,Terra,MODIS,100,6.1NRT,287.27,106.21,N
36.38699,128.64986,341.07,1.75,1.3,2025-03-22,1204,Terra,MODIS,100,6.1NRT,287.61,103.43,N
36.39188,128.68088,311.71,1.74,1.29,2025-03-22,1204,Terra,MODIS,83,6.1NRT,286.37,28.63,N
36.38826,128.66264,352.51,1.74,1.29,2025-03-22,1204,Terra,MODIS,100,6.1NRT,289.47,156.31,N
36.38457,128.64404,325.77,1.75,1.3,2025-03-22,1204,Terra,MODIS,100,6.1NRT,286.89,55.84,N
36.37138,128.75269,316.63,1.72,1.29,2025-03-22,1204,Terra,MODIS,94,6.1NRT,287.05,34.98,N
36.375,128.77136,330.14,1.72,1.29,2025-03-22,1204,Terra,MODIS,100,6.1NRT,289.61,67.03,N
36.37857,128.78987,339.47,1.71,1.28,2025-03-22,1204,Terra,MODIS,100,6.1NRT,290.72,97.37,N
36.38205,128.80783,327.21,1.71,1.28,2025-03-22,1204,Terra,MODIS,100,6.1NRT,287.55,59.83,N
35.25866,127.86248,306.39,2.08,1.4,2025-03-22,1204,Terra,MODIS,61,6.1NRT,285.45,25.58,N
36.40737,128.51831,312.95,1.78,1.31,2025-03-22,1204,Terra,MODIS,86,6.1NRT,286.83,29.92,N
36.40355,128.49887,313.26,1.78,1.31,2025-03-22,1204,Terra,MODIS,73,6.1NRT,286.83,30.59,N
36.4187,128.51517,345.37,1.78,1.31,2025-03-22,1204,Terra,MODIS,100,6.1NRT,289.71,125.97,N
36.4148,128.49522,354.74,1.78,1.31,2025-03-22,1204,Terra,MODIS,100,6.1NRT,290.95,173.36,N
36.41099,128.47577,304.43,1.79,1.31,2025-03-22,1204,Terra,MODIS,26,6.1NRT,286.23,17.63,N
36.42228,128.4722,301.45,1.79,1.31,2025-03-22,1204,Terra,MODIS,15,6.1NRT,285.12,13.77,N
35.41632,129.2538,329.05,1.68,1.28,2025-03-22,1204,Terra,MODIS,100,6.1NRT,288.81,64.31,N
35.26297,127.88365,312.67,2.07,1.4,2025-03-22,1204,Terra,MODIS,85,6.1NRT,285.38,38.94,N
35.29253,128.8515,301.7,1.8,1.31,2025-03-22,1204,Terra,MODIS,32,6.1NRT,285.96,14.2,N
35.30387,128.84813,307.93,1.8,1.31,2025-03-22,1204,Terra,MODIS,73,6.1NRT,285.67,23.7,N
35.30418,128.86206,309.11,1.79,1.31,2025-03-22,1204,Terra,MODIS,53,6.1NRT,286.52,23.87,N
36.41552,128.76836,306.1,3.75,1.81,2025-03-22,1739,Aqua,MODIS,21,6.1NRT,282.49,63.81,N
37.18853,127.3232,304.45,1.46,1.19,2025-03-23,0141,Terra,MODIS,37,6.1NRT,292.91,7.85,D
35.92796,128.26285,309,1.76,1.3,2025-03-23,0143,Terra,MODIS,57,6.1NRT,294.96,10.69,D
37.05531,126.81858,306.33,1.37,1.16,2025-03-23,0143,Terra,MODIS,63,6.1NRT,292.07,6.57,D
36.96059,127.15784,307.54,1.44,1.19,2025-03-23,0143,Terra,MODIS,65,6.1NRT,294.46,6.97,D
36.9577,127.1733,310.03,1.44,1.19,2025-03-23,0143,Terra,MODIS,69,6.1NRT,294.53,9.64,D
37.00597,126.40325,303.62,1.31,1.14,2025-03-23,0143,Terra,MODIS,36,6.1NRT,290.35,5.67,D
36.82628,127.1067,306.72,1.44,1.19,2025-03-23,0143,Terra,MODIS,63,6.1NRT,293.6,6.78,D
36.94493,126.39528,301.08,1.31,1.14,2025-03-23,0143,Terra,MODIS,0,6.1NRT,288.73,5.49,D
36.39479,128.74176,316.65,1.84,1.33,2025-03-23,0143,Terra,MODIS,62,6.1NRT,292.12,29.73,D
36.39083,128.76151,316.24,1.85,1.33,2025-03-23,0143,Terra,MODIS,70,6.1NRT,292.43,28.91,D
36.42589,128.52664,311.14,1.78,1.31,2025-03-23,0143,Terra,MODIS,64,6.1NRT,290.62,20.21,D
36.42205,128.54587,314.9,1.79,1.31,2025-03-23,0143,Terra,MODIS,75,6.1NRT,291.32,27.03,D
36.37264,128.61249,307.2,1.81,1.32,2025-03-23,0143,Terra,MODIS,61,6.1NRT,292.9,12.76,D
36.36071,128.74672,307.22,1.85,1.33,2025-03-23,0143,Terra,MODIS,33,6.1NRT,292.5,13.67,D
36.37593,128.60803,307.61,1.81,1.32,2025-03-23,0143,Terra,MODIS,62,6.1NRT,292.58,13.3,D
35.95798,128.29137,308.12,1.77,1.3,2025-03-23,0143,Terra,MODIS,39,6.1NRT,294.24,10.53,D
36.17396,126.58805,304.41,1.39,1.17,2025-03-23,0143,Terra,MODIS,56,6.1NRT,290.58,8.28,D
35.41796,129.26469,308.45,2.09,1.41,2025-03-23,0143,Terra,MODIS,67,6.1NRT,295.29,16.76,D
35.41589,129.25661,311.47,2.09,1.41,2025-03-23,0143,Terra,MODIS,71,6.1NRT,295.36,21.86,D
35.36712,129.05853,305.39,2.04,1.39,2025-03-23,0143,Terra,MODIS,47,6.1NRT,295.19,13.34,D
35.24596,128.61499,309.37,1.92,1.35,2025-03-23,0143,Terra,MODIS,43,6.1NRT,295.37,17.07,D
35.26926,127.80172,331.37,1.71,1.28,2025-03-23,0143,Terra,MODIS,87,6.1NRT,292.31,63.88,D
35.25799,127.79964,317.23,1.71,1.28,2025-03-23,0143,Terra,MODIS,77,6.1NRT,291.91,30.94,D
35.23966,127.83347,306.32,1.72,1.29,2025-03-23,0143,Terra,MODIS,30,6.1NRT,290.55,11.93,D
35.2361,127.85154,303.76,1.72,1.29,2025-03-23,0143,Terra,MODIS,49,6.1NRT,290.01,9.42,D
35.16002,127.9423,305.75,1.75,1.3,2025-03-23,0143,Terra,MODIS,62,6.1NRT,292.7,12.3,D
35.1159,128.10623,305.72,1.8,1.31,2025-03-23,0143,Terra,MODIS,59,6.1NRT,294.7,10.92,D
36.41413,128.52263,321.53,3.53,1.77,2025-03-23,0618,Aqua,MODIS,36,6.1NRT,292.75,93.82,D
36.41753,128.52992,322.15,3.53,1.77,2025-03-23,0618,Aqua,MODIS,62,6.1NRT,291.14,101.61,D
35.21931,127.81583,325.21,3.08,1.67,2025-03-23,0618,Aqua,MODIS,78,6.1NRT,298.02,98.45,D
35.22146,127.84969,359.36,3.09,1.67,2025-03-23,0618,Aqua,MODIS,99,6.1NRT,298.2,418.36,D
35.21953,127.82125,337.42,3.08,1.67,2025-03-23,0618,Aqua,MODIS,88,6.1NRT,298.74,182.51,D
35.22192,127.85551,354.62,3.09,1.67,2025-03-23,0618,Aqua,MODIS,97,6.1NRT,297.49,357.52,D
36.39474,128.50546,316.37,1.24,1.11,2025-03-23,1244,Terra,MODIS,91,6.1NRT,278.28,22.66,N
36.4187,128.54236,304.6,1.24,1.11,2025-03-23,1244,Terra,MODIS,36,6.1NRT,271.47,11.6,N
36.3933,128.49231,312.87,1.24,1.1,2025-03-23,1244,Terra,MODIS,86,6.1NRT,277.73,19.54,N
36.39479,128.78503,302.57,1.28,1.12,2025-03-23,1244,Terra,MODIS,50,6.1NRT,279.4,11.14,N
36.40026,128.74158,300.77,1.27,1.12,2025-03-23,1244,Terra,MODIS,24,6.1NRT,278.44,9.41,N
36.39877,128.72763,309.31,1.27,1.12,2025-03-23,1244,Terra,MODIS,77,6.1NRT,277.41,16.73,N
36.39622,128.51897,314.56,1.24,1.11,2025-03-23,1244,Terra,MODIS,74,6.1NRT,277.31,20.46,N
36.41275,128.72882,308.91,1.04,1.02,2025-03-23,1819,Aqua,MODIS,52,6.1NRT,277.36,12.72,N
36.42215,128.74797,337.54,1.27,1.12,2025-03-24,0518,Aqua,MODIS,85,6.1NRT,294.85,48.47,D
35.16518,127.95756,305.99,1.48,1.2,2025-03-24,0518,Aqua,MODIS,51,6.1NRT,292.31,8.82,D
35.40827,129.22726,308.36,1.25,1.11,2025-03-24,0518,Aqua,MODIS,62,6.1NRT,292.06,8.59,D
35.24631,128.15962,307.11,1.43,1.18,2025-03-24,0518,Aqua,MODIS,33,6.1NRT,293.08,6.36,D
35.25266,128.15129,308.58,1.43,1.18,2025-03-24,0518,Aqua,MODIS,50,6.1NRT,293.77,8.51,D
35.27192,127.79282,308.85,1.5,1.21,2025-03-24,0518,Aqua,MODIS,55,6.1NRT,290.94,10.89,D
35.26503,127.78821,311.33,1.5,1.21,2025-03-24,0518,Aqua,MODIS,66,6.1NRT,292.59,14.23,D
35.49878,128.80504,309.18,1.31,1.13,2025-03-24,0518,Aqua,MODIS,63,6.1NRT,296.2,9.22,D
35.20474,126.77561,311.16,1.74,1.29,2025-03-24,0518,Aqua,MODIS,52,6.1NRT,293.43,13.98,D
36.35657,128.78665,332.76,1.27,1.12,2025-03-24,0518,Aqua,MODIS,72,6.1NRT,288.76,41.87,D
36.35411,128.77292,328.55,1.27,1.12,2025-03-24,0518,Aqua,MODIS,66,6.1NRT,292.91,32.55,D
36.36376,128.77008,348.9,1.27,1.12,2025-03-24,0518,Aqua,MODIS,90,6.1NRT,292.34,79.39,D
36.3631,128.59172,319.47,1.29,1.13,2025-03-24,0518,Aqua,MODIS,68,6.1NRT,294.92,18.41,D
36.40532,128.76723,404.43,1.27,1.12,2025-03-24,0518,Aqua,MODIS,0,6.1NRT,306.31,387.28,D
36.3929,128.69882,324.08,1.28,1.12,2025-03-24,0518,Aqua,MODIS,52,6.1NRT,296.02,21.11,D
36.41251,128.75087,346.22,1.27,1.12,2025-03-24,0518,Aqua,MODIS,89,6.1NRT,294.5,67.25,D
36.41013,128.7377,347.25,1.27,1.12,2025-03-24,0518,Aqua,MODIS,93,6.1NRT,299.4,68.95,D
36.40765,128.72398,360.96,1.27,1.12,2025-03-24,0518,Aqua,MODIS,100,6.1NRT,298.99,114.25,D
36.40261,128.69617,433.82,1.28,1.12,2025-03-24,0518,Aqua,MODIS,100,6.1NRT,308.42,738.68,D
36.40014,128.68256,401.27,1.28,1.12,2025-03-24,0518,Aqua,MODIS,100,6.1NRT,307.19,363.74,D
36.41977,128.73477,362.63,1.27,1.12,2025-03-24,0518,Aqua,MODIS,100,6.1NRT,300.41,123.62,D
36.39211,128.52557,359.63,1.3,1.13,2025-03-24,0518,Aqua,MODIS,99,6.1NRT,294.94,116.85,D
36.38961,128.51184,372.07,1.31,1.13,2025-03-24,0518,Aqua,MODIS,100,6.1NRT,298.59,173.46,D
36.38694,128.49715,334.94,1.31,1.13,2025-03-24,0518,Aqua,MODIS,88,6.1NRT,296.75,43.36,D
36.3968,128.49474,318.47,1.31,1.13,2025-03-24,0518,Aqua,MODIS,73,6.1NRT,295.34,15.91,D
36.39418,128.48029,319.31,1.31,1.14,2025-03-24,0518,Aqua,MODIS,77,6.1NRT,293.53,18.2,D
36.41673,128.54808,319.91,1.3,1.13,2025-03-24,0518,Aqua,MODIS,47,6.1NRT,292.61,18.17,D
36.41422,128.53415,334.71,1.3,1.13,2025-03-24,0518,Aqua,MODIS,88,6.1NRT,296.22,43.59,D
36.43128,128.51471,341.27,1.3,1.13,2025-03-24,0518,Aqua,MODIS,83,6.1NRT,293.82,54.75,D
36.42884,128.50113,338.46,1.31,1.13,2025-03-24,0518,Aqua,MODIS,90,6.1NRT,295.68,51.1,D
36.4262,128.48639,311.48,1.31,1.13,2025-03-24,0518,Aqua,MODIS,46,6.1NRT,294.4,7.78,D
36.43664,128.53627,318.8,1.3,1.13,2025-03-24,0518,Aqua,MODIS,55,6.1NRT,293.89,18.05,D
36.43402,128.52209,323.92,1.3,1.13,2025-03-24,0518,Aqua,MODIS,73,6.1NRT,293.85,24.98,D
36.43149,128.50836,343.42,1.3,1.13,2025-03-24,0518,Aqua,MODIS,93,6.1NRT,294.5,64.38,D
36.42891,128.49442,326.76,1.31,1.13,2025-03-24,0518,Aqua,MODIS,80,6.1NRT,295.74,28.27,D
36.44129,128.50571,346.85,1.3,1.13,2025-03-24,0518,Aqua,MODIS,94,6.1NRT,292.26,74.33,D
36.43876,128.49196,339.07,1.31,1.13,2025-03-24,0518,Aqua,MODIS,91,6.1NRT,295.24,54.82,D
36.17838,127.01492,308.43,1.6,1.24,2025-03-24,0518,Aqua,MODIS,48,6.1NRT,291.63,9.2,D
36.99163,126.50243,306.06,1.64,1.26,2025-03-24,0518,Aqua,MODIS,0,6.1NRT,286.52,10.79,D
37.58546,127.83994,305.08,1.34,1.15,2025-03-24,0521,Aqua,MODIS,39,6.1NRT,292.88,6.46,D
36.41665,128.71996,313.11,1.06,1.03,2025-03-25,0124,Terra,MODIS,69,6.1NRT,291.2,10.77,D
36.41485,128.73132,307.62,1.06,1.03,2025-03-25,0124,Terra,MODIS,39,6.1NRT,292.02,6.47,D
36.40209,128.81181,317.79,1.07,1.03,2025-03-25,0124,Terra,MODIS,76,6.1NRT,294.19,15.07,D
36.40026,128.82332,326.45,1.07,1.03,2025-03-25,0124,Terra,MODIS,67,6.1NRT,293.72,23.42,D
36.39662,128.84612,317.65,1.07,1.03,2025-03-25,0124,Terra,MODIS,43,6.1NRT,291.28,14.38,D
36.4382,128.52417,320.81,1.05,1.02,2025-03-25,0124,Terra,MODIS,80,6.1NRT,291.39,16.92,D
35.21927,128.82619,310.11,1.1,1.05,2025-03-25,0124,Terra,MODIS,68,6.1NRT,297.41,6.29,D
36.37331,128.81659,322.81,1.07,1.03,2025-03-25,0124,Terra,MODIS,53,6.1NRT,292.32,18.31,D
36.36602,128.86201,320.78,1.07,1.03,2025-03-25,0124,Terra,MODIS,31,6.1NRT,289.58,17.29,D
36.40786,128.54065,309.38,1.05,1.02,2025-03-25,0124,Terra,MODIS,67,6.1NRT,291.76,7.49,D
36.40606,128.55202,308.4,1.05,1.02,2025-03-25,0124,Terra,MODIS,54,6.1NRT,291.44,6.59,D
36.35004,128.78699,305.64,1.07,1.03,2025-03-25,0124,Terra,MODIS,28,6.1NRT,291.21,5.34,D
36.34456,128.82106,321.99,1.07,1.03,2025-03-25,0124,Terra,MODIS,60,6.1NRT,290.7,18.41,D
36.38822,128.48927,303.52,1.05,1.02,2025-03-25,0124,Terra,MODIS,39,6.1NRT,292.57,3.44,D
36.38645,128.50046,306.38,1.05,1.02,2025-03-25,0124,Terra,MODIS,59,6.1NRT,291.91,5.36,D
36.37216,128.5322,312.94,1.05,1.02,2025-03-25,0124,Terra,MODIS,65,6.1NRT,292.02,9.65,D
36.37035,128.54359,306.47,1.05,1.02,2025-03-25,0124,Terra,MODIS,28,6.1NRT,292.14,4.74,D
35.85162,128.36046,307.09,1.05,1.02,2025-03-25,0124,Terra,MODIS,36,6.1NRT,293.75,5.24,D
35.73273,128.46628,306.12,1.06,1.03,2025-03-25,0124,Terra,MODIS,53,6.1NRT,295.55,5.72,D
35.23001,128.24164,304.77,1.06,1.03,2025-03-25,0124,Terra,MODIS,49,6.1NRT,293.42,4.24,D
35.22534,127.85477,302.48,1.03,1.02,2025-03-25,0124,Terra,MODIS,32,6.1NRT,291.17,3.01,D
35.55935,129.36697,314.81,1.14,1.07,2025-03-25,0124,Terra,MODIS,52,6.1NRT,298.94,11.69,D
35.55735,129.37904,316.18,1.14,1.07,2025-03-25,0124,Terra,MODIS,63,6.1NRT,297.25,13.45,D
37.42146,129.17427,301.85,1.07,1.03,2025-03-25,0124,Terra,MODIS,42,6.1NRT,289.13,4.17,D
36.42406,128.84662,302.82,1.07,1.03,2025-03-25,0124,Terra,MODIS,20,6.1NRT,290.79,3.81,D
36.4222,128.85817,320.51,1.07,1.03,2025-03-25,0124,Terra,MODIS,80,6.1NRT,292.05,18.29,D
36.41843,128.88153,316.17,1.07,1.03,2025-03-25,0124,Terra,MODIS,75,6.1NRT,289.92,14.34,D
36.42031,128.86983,329.58,1.07,1.03,2025-03-25,0124,Terra,MODIS,86,6.1NRT,292.12,30.37,D
35.22026,127.86996,322.41,1.45,1.19,2025-03-25,0559,Aqua,MODIS,78,6.1NRT,294.75,26.8,D
35.21843,127.85278,337.04,1.45,1.19,2025-03-25,0559,Aqua,MODIS,89,6.1NRT,295.23,58.94,D
35.26543,127.79659,310.72,1.44,1.19,2025-03-25,0559,Aqua,MODIS,54,6.1NRT,295.06,8.39,D
35.26397,127.78316,310.29,1.44,1.19,2025-03-25,0559,Aqua,MODIS,41,6.1NRT,296.5,8.74,D
35.27208,127.78898,311.69,1.44,1.19,2025-03-25,0559,Aqua,MODIS,57,6.1NRT,294.63,10.38,D
35.57501,129.12227,333.65,1.75,1.3,2025-03-25,0559,Aqua,MODIS,87,6.1NRT,297.92,64.15,D
35.57315,129.10332,320.7,1.75,1.3,2025-03-25,0559,Aqua,MODIS,77,6.1NRT,297.21,29.55,D
35.58644,129.12062,315.79,1.75,1.3,2025-03-25,0559,Aqua,MODIS,70,6.1NRT,296.36,18.63,D
35.58504,129.11362,318.93,1.75,1.3,2025-03-25,0559,Aqua,MODIS,65,6.1NRT,296.64,24.39,D
35.56458,126.7446,318.74,1.27,1.12,2025-03-25,0559,Aqua,MODIS,66,6.1NRT,280.92,22.49,D
35.57442,126.74297,307.27,1.27,1.12,2025-03-25,0559,Aqua,MODIS,32,6.1NRT,282.77,9.18,D
36.35086,128.78012,331.94,1.71,1.28,2025-03-25,0559,Aqua,MODIS,86,6.1NRT,294.87,52.58,D
36.3843,128.88676,339.27,1.74,1.29,2025-03-25,0559,Aqua,MODIS,90,6.1NRT,293.27,72.91,D
36.3825,128.86853,370.21,1.73,1.29,2025-03-25,0559,Aqua,MODIS,100,6.1NRT,297.11,234.41,D
36.38082,128.85129,391.48,1.73,1.29,2025-03-25,0559,Aqua,MODIS,100,6.1NRT,302.82,427.75,D
36.37904,128.83328,383.61,1.72,1.29,2025-03-25,0559,Aqua,MODIS,100,6.1NRT,301.95,341.75,D
36.37719,128.81456,413.57,1.72,1.29,2025-03-25,0559,Aqua,MODIS,100,6.1NRT,310.99,731.93,D
36.39776,128.90599,338.38,1.74,1.29,2025-03-25,0559,Aqua,MODIS,89,6.1NRT,294.04,71.98,D
36.39577,128.88608,406.6,1.74,1.29,2025-03-25,0559,Aqua,MODIS,100,6.1NRT,307.07,636.46,D
36.394,128.86813,458.42,1.73,1.29,2025-03-25,0559,Aqua,MODIS,100,6.1NRT,322.55,1820.55,D
36.39215,128.8495,427.07,1.73,1.29,2025-03-25,0559,Aqua,MODIS,100,6.1NRT,308.25,989.96,D
36.39039,128.83171,381.38,1.72,1.29,2025-03-25,0559,Aqua,MODIS,100,6.1NRT,295.95,319.33,D
36.38855,128.8132,435.06,1.72,1.29,2025-03-25,0559,Aqua,MODIS,100,6.1NRT,304.99,1160.59,D
36.3817,128.88156,328.6,1.74,1.29,2025-03-25,0559,Aqua,MODIS,39,6.1NRT,292.89,35.77,D
36.38007,128.86394,350.66,1.73,1.29,2025-03-25,0559,Aqua,MODIS,96,6.1NRT,295.42,115.84,D
36.37847,128.84659,369.2,1.73,1.29,2025-03-25,0559,Aqua,MODIS,100,6.1NRT,301.18,224.97,D
36.37675,128.82799,356.94,1.72,1.29,2025-03-25,0559,Aqua,MODIS,98,6.1NRT,300.34,142.36,D
36.37504,128.80954,355.53,1.72,1.29,2025-03-25,0559,Aqua,MODIS,98,6.1NRT,302.02,140.93,D
36.39495,128.90021,344.53,1.74,1.29,2025-03-25,0559,Aqua,MODIS,93,6.1NRT,293.88,96.82,D
36.39318,128.88109,396.37,1.74,1.29,2025-03-25,0559,Aqua,MODIS,100,6.1NRT,303.49,494.2,D
36.3915,128.86301,452.33,1.73,1.29,2025-03-25,0559,Aqua,MODIS,100,6.1NRT,314.66,1630.78,D
36.38981,128.8448,399.34,1.73,1.29,2025-03-25,0559,Aqua,MODIS,100,6.1NRT,303.02,526.18,D
36.38813,128.82674,423.53,1.72,1.29,2025-03-25,0559,Aqua,MODIS,100,6.1NRT,301.7,917.99,D
36.38638,128.80804,427,1.72,1.29,2025-03-25,0559,Aqua,MODIS,100,6.1NRT,308.87,986.71,D
36.40644,128.89961,393.37,1.74,1.29,2025-03-25,0559,Aqua,MODIS,100,6.1NRT,296.5,470.18,D
36.40464,128.88029,465.44,1.74,1.29,2025-03-25,0559,Aqua,MODIS,100,6.1NRT,312.37,2066.27,D
36.40292,128.86194,454.72,1.73,1.29,2025-03-25,0559,Aqua,MODIS,100,6.1NRT,314.3,1708.78,D
36.40114,128.84294,366.19,1.73,1.29,2025-03-25,0559,Aqua,MODIS,100,6.1NRT,296.5,209.14,D
36.39946,128.82506,333.23,1.72,1.29,2025-03-25,0559,Aqua,MODIS,68,6.1NRT,293.64,45.55,D
36.37156,128.5323,330.55,1.65,1.26,2025-03-25,0559,Aqua,MODIS,72,6.1NRT,297.5,43.66,D
36.41613,128.87985,354.01,1.74,1.29,2025-03-25,0559,Aqua,MODIS,97,6.1NRT,291.19,138.01,D
36.41787,128.89832,327.44,1.74,1.29,2025-03-25,0559,Aqua,MODIS,78,6.1NRT,287.3,43.1,D
36.41431,128.86057,347.64,1.73,1.29,2025-03-25,0559,Aqua,MODIS,95,6.1NRT,292.72,110.84,D
36.41074,128.8228,326.68,1.72,1.29,2025-03-25,0559,Aqua,MODIS,65,6.1NRT,295.6,34.95,D
36.39848,128.69421,321.84,1.69,1.28,2025-03-25,0559,Aqua,MODIS,76,6.1NRT,296.45,26.73,D
36.39669,128.67566,340.14,1.68,1.28,2025-03-25,0559,Aqua,MODIS,91,6.1NRT,296.77,79.67,D
36.42747,128.8777,336.09,1.74,1.29,2025-03-25,0559,Aqua,MODIS,79,6.1NRT,292.11,65.62,D
36.42564,128.85851,340.92,1.73,1.29,2025-03-25,0559,Aqua,MODIS,92,6.1NRT,294.29,84.08,D
36.42212,128.82164,337.46,1.72,1.29,2025-03-25,0559,Aqua,MODIS,90,6.1NRT,295.49,70.29,D
36.41319,128.72856,344.67,1.7,1.28,2025-03-25,0559,Aqua,MODIS,93,6.1NRT,298.91,94.06,D
36.41145,128.71054,353.98,1.69,1.28,2025-03-25,0559,Aqua,MODIS,97,6.1NRT,301.15,135.88,D
36.42451,128.72749,401.51,1.7,1.28,2025-03-25,0559,Aqua,MODIS,100,6.1NRT,302.52,553.21,D
36.42274,128.70926,385.95,1.69,1.28,2025-03-25,0559,Aqua,MODIS,100,6.1NRT,304.51,370.34,D
36.40847,128.56352,325.85,1.66,1.27,2025-03-25,0559,Aqua,MODIS,52,6.1NRT,293.97,34.62,D
36.40667,128.54523,339.71,1.65,1.26,2025-03-25,0559,Aqua,MODIS,91,6.1NRT,294.41,72.71,D
36.43072,128.55983,323.27,1.66,1.27,2025-03-25,0559,Aqua,MODIS,66,6.1NRT,294.37,32.24,D
36.42883,128.541,342.99,1.65,1.26,2025-03-25,0559,Aqua,MODIS,93,6.1NRT,295.19,86.16,D
36.42702,128.52298,328.73,1.65,1.26,2025-03-25,0559,Aqua,MODIS,34,6.1NRT,295.06,37.77,D
36.42522,128.50499,318.38,1.65,1.26,2025-03-25,0559,Aqua,MODIS,34,6.1NRT,294.75,19.02,D
36.42353,128.48811,316.38,1.64,1.26,2025-03-25,0559,Aqua,MODIS,33,6.1NRT,295.37,16.41,D
36.43993,128.53908,348.29,1.65,1.26,2025-03-25,0559,Aqua,MODIS,95,6.1NRT,296.25,106.8,D
36.43815,128.52142,355.01,1.65,1.26,2025-03-25,0559,Aqua,MODIS,98,6.1NRT,297.4,134.79,D
36.43628,128.50298,342.06,1.65,1.26,2025-03-25,0559,Aqua,MODIS,92,6.1NRT,295.97,81.92,D
36.4345,128.48544,329.32,1.64,1.26,2025-03-25,0559,Aqua,MODIS,85,6.1NRT,295.19,43.62,D
36.4511,128.53778,340.73,1.65,1.26,2025-03-25,0559,Aqua,MODIS,92,6.1NRT,294.4,77.72,D
36.44929,128.51999,340.14,1.65,1.26,2025-03-25,0559,Aqua,MODIS,88,6.1NRT,295.15,74.08,D
36.44093,128.53178,358.98,1.65,1.26,2025-03-25,0559,Aqua,MODIS,99,6.1NRT,297.39,159.53,D
36.43928,128.51443,344.35,1.65,1.26,2025-03-25,0559,Aqua,MODIS,89,6.1NRT,296.99,87.56,D
36.43748,128.49559,335.47,1.65,1.26,2025-03-25,0559,Aqua,MODIS,89,6.1NRT,295.9,61.43,D
36.45209,128.53056,327.31,1.65,1.26,2025-03-25,0559,Aqua,MODIS,84,6.1NRT,294.59,42.12,D
36.45848,129.27016,351.11,1,1,2025-03-25,1225,Terra,MODIS,100,6.1NRT,296.82,63.38,N
36.43689,129.25888,369.54,1,1,2025-03-25,1225,Terra,MODIS,100,6.1NRT,296.76,114.4,N
36.43533,129.24796,328.52,1,1,2025-03-25,1225,Terra,MODIS,100,6.1NRT,289.3,27,N
36.42285,129.16116,345.93,1.01,1,2025-03-25,1225,Terra,MODIS,100,6.1NRT,286,54.55,N
36.42128,129.15013,356.48,1.01,1,2025-03-25,1225,Terra,MODIS,100,6.1NRT,290.75,77.37,N
36.4197,129.13914,342.21,1.01,1,2025-03-25,1225,Terra,MODIS,72,6.1NRT,290.49,45.05,N
36.41813,129.12822,352.67,1.01,1,2025-03-25,1225,Terra,MODIS,100,6.1NRT,291.28,66.52,N
36.41656,129.11726,343.83,1.01,1,2025-03-25,1225,Terra,MODIS,100,6.1NRT,290.16,47.88,N
36.41498,129.10631,344.99,1.01,1,2025-03-25,1225,Terra,MODIS,100,6.1NRT,289.77,50.44,N
36.41341,129.09543,328.47,1.01,1,2025-03-25,1225,Terra,MODIS,51,6.1NRT,288.17,24.69,N
36.41183,129.08452,334.02,1.01,1,2025-03-25,1225,Terra,MODIS,90,6.1NRT,288.9,33.07,N
36.41025,129.0735,325.96,1.01,1,2025-03-25,1225,Terra,MODIS,62,6.1NRT,287.49,22.5,N
36.40709,129.0517,320.44,1.01,1,2025-03-25,1225,Terra,MODIS,0,6.1NRT,288.17,16.37,N
36.40551,129.04077,351.36,1.01,1,2025-03-25,1225,Terra,MODIS,100,6.1NRT,290.29,64.89,N
36.40393,129.02991,355.44,1.01,1,2025-03-25,1225,Terra,MODIS,100,6.1NRT,290.37,74.97,N
36.40235,129.019,338.78,1.01,1,2025-03-25,1225,Terra,MODIS,100,6.1NRT,287.77,42.42,N
36.3992,128.9973,320.73,1.01,1,2025-03-25,1225,Terra,MODIS,100,6.1NRT,284.49,20.8,N
36.3976,128.9863,313.55,1.01,1,2025-03-25,1225,Terra,MODIS,73,6.1NRT,284.42,13.43,N
36.39601,128.97534,325.66,1.01,1,2025-03-25,1225,Terra,MODIS,100,6.1NRT,285.73,24.97,N
36.39442,128.96436,356.34,1.01,1,2025-03-25,1225,Terra,MODIS,100,6.1NRT,288.64,77.46,N
36.39283,128.95345,326.33,1.01,1,2025-03-25,1225,Terra,MODIS,76,6.1NRT,285.11,23.21,N
36.38485,128.89873,330.83,1.01,1.01,2025-03-25,1225,Terra,MODIS,76,6.1NRT,285.8,28.22,N
36.47196,129.44179,323.21,1,1,2025-03-25,1225,Terra,MODIS,70,6.1NRT,285.02,19.75,N
36.47042,129.43094,348.06,1,1,2025-03-25,1225,Terra,MODIS,100,6.1NRT,287.53,55.02,N
36.46888,129.42009,369.49,1,1,2025-03-25,1225,Terra,MODIS,100,6.1NRT,289.2,111.16,N
36.46734,129.40921,372.34,1,1,2025-03-25,1225,Terra,MODIS,100,6.1NRT,290.85,120.58,N
36.4658,129.39832,443.38,1,1,2025-03-25,1225,Terra,MODIS,100,6.1NRT,304.35,625.54,N
36.46426,129.38744,479.88,1,1,2025-03-25,1225,Terra,MODIS,100,6.1NRT,320.4,1179.99,N
36.46272,129.37656,499.97,1,1,2025-03-25,1225,Terra,MODIS,100,6.1NRT,338.44,1604.71,N
36.46117,129.36569,439.45,1,1,2025-03-25,1225,Terra,MODIS,100,6.1NRT,329.56,580.12,N
36.45963,129.35481,390.55,1,1,2025-03-25,1225,Terra,MODIS,100,6.1NRT,314.23,196.55,N
36.45808,129.34395,374.03,1,1,2025-03-25,1225,Terra,MODIS,100,6.1NRT,305.29,125.58,N
36.45653,129.33305,366.99,1,1,2025-03-25,1225,Terra,MODIS,100,6.1NRT,302.28,102.32,N
36.45498,129.32214,363.08,1,1,2025-03-25,1225,Terra,MODIS,100,6.1NRT,300.72,91.25,N
36.45343,129.31129,367.52,1,1,2025-03-25,1225,Terra,MODIS,100,6.1NRT,302.82,105.51,N
36.45188,129.30042,362.73,1,1,2025-03-25,1225,Terra,MODIS,100,6.1NRT,302.7,91.64,N
36.45033,129.28952,358.41,1,1,2025-03-25,1225,Terra,MODIS,100,6.1NRT,300.66,80.18,N
36.44878,129.27861,354.49,1,1,2025-03-25,1225,Terra,MODIS,100,6.1NRT,295.92,71,N
36.44722,129.26775,333.98,1,1,2025-03-25,1225,Terra,MODIS,100,6.1NRT,293.07,32.67,N
36.44567,129.25687,338.22,1,1,2025-03-25,1225,Terra,MODIS,100,6.1NRT,292.94,39.6,N
36.44411,129.24597,350.48,1,1,2025-03-25,1225,Terra,MODIS,100,6.1NRT,292.29,62.82,N
36.44255,129.23511,414.03,1,1,2025-03-25,1225,Terra,MODIS,100,6.1NRT,301.81,348.18,N
36.441,129.22427,386.75,1,1,2025-03-25,1225,Terra,MODIS,100,6.1NRT,297.17,183.86,N
36.43944,129.21346,311.94,1,1,2025-03-25,1225,Terra,MODIS,84,6.1NRT,287.75,12.29,N
36.43319,129.17003,316.77,1.01,1,2025-03-25,1225,Terra,MODIS,27,6.1NRT,285.09,15.43,N
36.43006,129.14821,330,1.01,1,2025-03-25,1225,Terra,MODIS,79,6.1NRT,287.14,26.55,N
36.42691,129.12619,310.48,1.01,1,2025-03-25,1225,Terra,MODIS,22,6.1NRT,286.6,5.95,N
36.42377,129.10434,321.43,1.01,1,2025-03-25,1225,Terra,MODIS,69,6.1NRT,287.75,15.23,N
36.41904,129.0715,316.24,1.01,1,2025-03-25,1225,Terra,MODIS,25,6.1NRT,288.28,10.77,N
36.41272,129.02782,332.31,1.01,1,2025-03-25,1225,Terra,MODIS,100,6.1NRT,288.76,31.14,N
36.41114,129.01692,330.28,1.01,1,2025-03-25,1225,Terra,MODIS,95,6.1NRT,288.15,29.08,N
36.40956,129.00603,331.28,1.01,1,2025-03-25,1225,Terra,MODIS,100,6.1NRT,287.21,31.69,N
36.40798,128.99515,325.82,1.01,1,2025-03-25,1225,Terra,MODIS,100,6.1NRT,285.78,25.66,N
36.40639,128.98428,316.39,1.01,1,2025-03-25,1225,Terra,MODIS,93,6.1NRT,284.61,16.22,N
36.40481,128.97334,325.32,1.01,1,2025-03-25,1225,Terra,MODIS,100,6.1NRT,285.16,25.22,N
36.40321,128.96228,311.61,1.01,1,2025-03-25,1225,Terra,MODIS,50,6.1NRT,285.44,11.16,N
36.40162,128.95126,310.1,1.01,1,2025-03-25,1225,Terra,MODIS,43,6.1NRT,285.31,9.63,N
36.4771,129.4007,320.29,1,1,2025-03-25,1225,Terra,MODIS,72,6.1NRT,287.03,13.6,N
36.47556,129.38982,342.04,1,1,2025-03-25,1225,Terra,MODIS,100,6.1NRT,288.58,41.82,N
36.47401,129.37895,418.38,1,1,2025-03-25,1225,Terra,MODIS,100,6.1NRT,295.37,376.8,N
36.47247,129.36807,499.97,1,1,2025-03-25,1225,Terra,MODIS,100,6.1NRT,317.46,1603.54,N
36.47092,129.35721,499.97,1,1,2025-03-25,1225,Terra,MODIS,100,6.1NRT,348.03,1604.56,N
36.46937,129.34633,499.97,1,1,2025-03-25,1225,Terra,MODIS,100,6.1NRT,355.31,1605.63,N
36.46782,129.33546,499.97,1,1,2025-03-25,1225,Terra,MODIS,100,6.1NRT,337.47,1606.23,N
36.46627,129.3246,400.26,1,1,2025-03-25,1225,Terra,MODIS,100,6.1NRT,316.67,251.53,N
36.46471,129.31371,372.39,1,1,2025-03-25,1225,Terra,MODIS,100,6.1NRT,307.34,121.61,N
36.46317,129.30286,364.85,1,1,2025-03-25,1225,Terra,MODIS,100,6.1NRT,304.98,97.87,N
36.46161,129.29198,355.41,1,1,2025-03-25,1225,Terra,MODIS,100,6.1NRT,299.85,72.76,N
36.46004,129.28104,349.13,1,1,2025-03-25,1225,Terra,MODIS,100,6.1NRT,296.43,59,N
36.45694,129.25935,326.83,1,1,2025-03-25,1225,Terra,MODIS,91,6.1NRT,291.89,23.94,N
36.45538,129.24846,314.7,1,1,2025-03-25,1225,Terra,MODIS,44,6.1NRT,289.7,12.75,N
36.4538,129.2375,322.26,1,1,2025-03-25,1225,Terra,MODIS,70,6.1NRT,290.87,19.56,N
36.45223,129.22661,342.31,1,1,2025-03-25,1225,Terra,MODIS,100,6.1NRT,292.51,46.73,N
36.45068,129.21576,336.45,1,1,2025-03-25,1225,Terra,MODIS,99,6.1NRT,290.94,36.75,N
36.44912,129.20493,345.3,1,1,2025-03-25,1225,Terra,MODIS,100,6.1NRT,291.48,52.89,N
36.44758,129.19415,323.53,1,1,2025-03-25,1225,Terra,MODIS,54,6.1NRT,286.89,20.9,N
36.44288,129.16153,327.88,1.01,1,2025-03-25,1225,Terra,MODIS,53,6.1NRT,286.54,24.93,N
36.43971,129.13963,322.24,1.01,1,2025-03-25,1225,Terra,MODIS,49,6.1NRT,286.75,19.8,N
36.43019,129.07401,341.63,1.01,1,2025-03-25,1225,Terra,MODIS,100,6.1NRT,289.15,45.37,N
36.42859,129.06302,371.19,1.01,1,2025-03-25,1225,Terra,MODIS,100,6.1NRT,290.12,120.18,N
36.48279,129.37701,316.58,1,1,2025-03-25,1225,Terra,MODIS,75,6.1NRT,289.36,9.52,N
36.48124,129.36613,326.41,1,1,2025-03-25,1225,Terra,MODIS,100,6.1NRT,289.74,18.97,N
36.47969,129.35526,348.62,1,1,2025-03-25,1225,Terra,MODIS,100,6.1NRT,291.53,54.45,N
36.47815,129.34439,414.45,1,1,2025-03-25,1225,Terra,MODIS,100,6.1NRT,295.76,347.36,N
36.4766,129.33354,499.97,1,1,2025-03-25,1225,Terra,MODIS,100,6.1NRT,321.7,1606.28,N
36.47506,129.32269,479.73,1,1,2025-03-25,1225,Terra,MODIS,100,6.1NRT,316.85,1179.4,N
36.4735,129.31177,394.11,1,1,2025-03-25,1225,Terra,MODIS,100,6.1NRT,298.72,217.42,N
36.47195,129.30092,416.32,1,1,2025-03-25,1225,Terra,MODIS,100,6.1NRT,309.88,364.05,N
36.47039,129.29002,404.97,1,1,2025-03-25,1225,Terra,MODIS,100,6.1NRT,313.79,282.83,N
36.46882,129.27908,359.43,1,1,2025-03-25,1225,Terra,MODIS,100,6.1NRT,300.03,83.65,N
36.46727,129.26822,371.98,1,1,2025-03-25,1225,Terra,MODIS,100,6.1NRT,298.6,122.63,N
36.46572,129.25743,355.24,1,1,2025-03-25,1225,Terra,MODIS,100,6.1NRT,293.79,73.39,N
36.46417,129.24657,313.36,1,1,2025-03-25,1225,Terra,MODIS,41,6.1NRT,288.2,11.63,N
36.46259,129.2356,307.05,1,1,2025-03-25,1225,Terra,MODIS,8,6.1NRT,288.45,7.7,N
36.46102,129.22466,313.67,1,1,2025-03-25,1225,Terra,MODIS,30,6.1NRT,289.17,11.96,N
36.45945,129.21373,338.74,1,1,2025-03-25,1225,Terra,MODIS,100,6.1NRT,290.77,39.8,N
36.45789,129.2029,326.88,1,1,2025-03-25,1225,Terra,MODIS,65,6.1NRT,289.56,23.81,N
36.45634,129.19209,345.37,1,1,2025-03-25,1225,Terra,MODIS,100,6.1NRT,290.2,51.78,N
36.45477,129.1812,354.44,1,1,2025-03-25,1225,Terra,MODIS,100,6.1NRT,290.77,71.43,N
36.45322,129.17039,325.68,1,1,2025-03-25,1225,Terra,MODIS,39,6.1NRT,286.49,22.57,N
36.45167,129.15965,339.55,1.01,1,2025-03-25,1225,Terra,MODIS,96,6.1NRT,285.96,42.12,N
36.45008,129.14867,327.12,1.01,1,2025-03-25,1225,Terra,MODIS,63,6.1NRT,285.76,24.38,N
36.41502,128.90782,309.27,1.01,1.01,2025-03-25,1225,Terra,MODIS,64,6.1NRT,284.29,10.74,N
36.36765,128.58818,307.7,1.02,1.01,2025-03-25,1225,Terra,MODIS,53,6.1NRT,284.1,10.09,N
36.36597,128.57703,304.13,1.02,1.01,2025-03-25,1225,Terra,MODIS,39,6.1NRT,283.76,7.79,N
36.36267,128.55502,319.23,1.02,1.01,2025-03-25,1225,Terra,MODIS,98,6.1NRT,286.11,19.13,N
36.48847,129.35329,309.31,1,1,2025-03-25,1225,Terra,MODIS,39,6.1NRT,288.36,4.87,N
36.48692,129.34242,309.76,1,1,2025-03-25,1225,Terra,MODIS,30,6.1NRT,288.3,5.23,N
36.48538,129.33159,314.01,1,1,2025-03-25,1225,Terra,MODIS,48,6.1NRT,288.18,8.12,N
36.48383,129.32076,311.9,1,1,2025-03-25,1225,Terra,MODIS,45,6.1NRT,287.15,7.31,N
36.48072,129.29897,387.66,1,1,2025-03-25,1225,Terra,MODIS,100,6.1NRT,292.78,185.24,N
36.47916,129.28807,441.87,1,1,2025-03-25,1225,Terra,MODIS,100,6.1NRT,304.42,610.64,N
36.4776,129.27715,387.32,1,1,2025-03-25,1225,Terra,MODIS,100,6.1NRT,299.26,185.21,N
36.47605,129.2663,381.81,1,1,2025-03-25,1225,Terra,MODIS,100,6.1NRT,300.47,160.81,N
36.47449,129.25542,365.36,1,1,2025-03-25,1225,Terra,MODIS,100,6.1NRT,294.72,100.99,N
36.47294,129.2446,356.1,1,1,2025-03-25,1225,Terra,MODIS,100,6.1NRT,292.23,75.71,N
36.47138,129.23369,323.3,1,1,2025-03-25,1225,Terra,MODIS,73,6.1NRT,287.93,19.57,N
36.46354,129.17917,317.61,1,1,2025-03-25,1225,Terra,MODIS,43,6.1NRT,287.16,11.93,N
36.46199,129.16838,317.6,1,1,2025-03-25,1225,Terra,MODIS,51,6.1NRT,286.13,12.39,N
36.46043,129.15758,338.89,1.01,1,2025-03-25,1225,Terra,MODIS,100,6.1NRT,286.84,39.35,N
36.45885,129.14661,333.81,1.01,1,2025-03-25,1225,Terra,MODIS,100,6.1NRT,287.67,31.82,N
36.4573,129.13583,314.8,1.01,1,2025-03-25,1225,Terra,MODIS,42,6.1NRT,283.98,11.39,N
36.43505,128.98257,301.81,1.01,1,2025-03-25,1225,Terra,MODIS,22,6.1NRT,283.85,5.3,N
36.42543,128.91673,311.83,1.01,1.01,2025-03-25,1225,Terra,MODIS,32,6.1NRT,284.9,11.11,N
36.38971,128.6747,310.78,1.02,1.01,2025-03-25,1225,Terra,MODIS,50,6.1NRT,285.24,11.74,N
36.38643,128.65266,309.72,1.02,1.01,2025-03-25,1225,Terra,MODIS,12,6.1NRT,284.71,10.57,N
36.3682,128.53078,331.46,1.03,1.01,2025-03-25,1225,Terra,MODIS,100,6.1NRT,287.44,32.95,N
36.48638,129.27522,362.43,1,1,2025-03-25,1225,Terra,MODIS,100,6.1NRT,292.61,92.79,N
36.48484,129.26442,369.31,1,1,2025-03-25,1225,Terra,MODIS,100,6.1NRT,293.86,113.31,N
36.48327,129.25349,340.79,1,1,2025-03-25,1225,Terra,MODIS,100,6.1NRT,290.47,43.31,N
36.48171,129.2426,348.56,1,1,2025-03-25,1225,Terra,MODIS,100,6.1NRT,290.09,57.96,N
36.48016,129.23175,332.26,1,1,2025-03-25,1225,Terra,MODIS,100,6.1NRT,288.03,29.29,N
36.47859,129.22083,319.97,1,1,2025-03-25,1225,Terra,MODIS,86,6.1NRT,287.11,14.44,N
36.39032,128.6174,330.83,1.02,1.01,2025-03-25,1225,Terra,MODIS,100,6.1NRT,289.48,31.46,N
36.38866,128.60625,325.98,1.02,1.01,2025-03-25,1225,Terra,MODIS,63,6.1NRT,287.53,24.52,N
36.49362,129.26253,326.35,1,1,2025-03-25,1225,Terra,MODIS,89,6.1NRT,286.79,23.69,N
36.49206,129.25162,352.61,1,1,2025-03-25,1225,Terra,MODIS,100,6.1NRT,289.8,66.87,N
36.49049,129.24063,315.54,1,1,2025-03-25,1225,Terra,MODIS,88,6.1NRT,287.25,11.91,N
36.48894,129.2298,323.25,1,1,2025-03-25,1225,Terra,MODIS,100,6.1NRT,286.66,19.65,N
36.48266,129.18604,312.09,1,1,2025-03-25,1225,Terra,MODIS,31,6.1NRT,286.27,8.67,N
36.43339,128.84689,320.61,1.01,1.01,2025-03-25,1225,Terra,MODIS,0,6.1NRT,287.19,17.58,N
36.43179,128.83595,351.01,1.01,1.01,2025-03-25,1225,Terra,MODIS,100,6.1NRT,290.39,64.41,N
36.43017,128.82494,344.42,1.01,1.01,2025-03-25,1225,Terra,MODIS,100,6.1NRT,289.69,51.47,N
36.42855,128.81396,331.78,1.01,1.01,2025-03-25,1225,Terra,MODIS,94,6.1NRT,287.77,31.45,N
36.42694,128.80304,333.17,1.01,1.01,2025-03-25,1225,Terra,MODIS,94,6.1NRT,287.91,33.53,N
36.42531,128.79193,321.81,1.02,1.01,2025-03-25,1225,Terra,MODIS,72,6.1NRT,287.07,20.48,N
36.39751,128.60426,333.64,1.02,1.01,2025-03-25,1225,Terra,MODIS,100,6.1NRT,288.3,35.06,N
36.39585,128.59315,328.65,1.02,1.01,2025-03-25,1225,Terra,MODIS,100,6.1NRT,286.68,29.21,N
36.50084,129.24971,346.9,1,1,2025-03-25,1225,Terra,MODIS,100,6.1NRT,287.56,55.33,N
36.49927,129.23871,326.8,1,1,2025-03-25,1225,Terra,MODIS,100,6.1NRT,287.25,23,N
36.43898,128.82295,311.47,1.01,1.01,2025-03-25,1225,Terra,MODIS,19,6.1NRT,286.52,9.38,N
36.43251,128.77892,307.66,1.02,1.01,2025-03-25,1225,Terra,MODIS,58,6.1NRT,285.45,9.39,N
36.43089,128.76787,318.65,1.02,1.01,2025-03-25,1225,Terra,MODIS,97,6.1NRT,286.76,18.33,N
36.42926,128.75681,320.7,1.02,1.01,2025-03-25,1225,Terra,MODIS,100,6.1NRT,285.26,20,N
36.41129,128.63539,310.3,1.02,1.01,2025-03-25,1225,Terra,MODIS,34,6.1NRT,284.31,10,N
36.40306,128.58009,316.24,1.02,1.01,2025-03-25,1225,Terra,MODIS,75,6.1NRT,285.64,16.04,N
36.39973,128.55774,302.47,1.02,1.01,2025-03-25,1225,Terra,MODIS,29,6.1NRT,283.92,7.03,N
36.50962,129.24779,317.8,1,1,2025-03-25,1225,Terra,MODIS,58,6.1NRT,283.81,13.78,N
36.50805,129.2368,331.42,1,1,2025-03-25,1225,Terra,MODIS,100,6.1NRT,286.19,28.63,N
36.45583,128.87573,320.8,1.01,1.01,2025-03-25,1225,Terra,MODIS,26,6.1NRT,286.07,16.2,N
36.43483,128.73271,304.85,1.02,1.01,2025-03-25,1225,Terra,MODIS,58,6.1NRT,283.82,8.01,N
36.42667,128.67751,306.36,1.02,1.01,2025-03-25,1225,Terra,MODIS,30,6.1NRT,283.82,8.31,N
36.42504,128.66646,312.48,1.02,1.01,2025-03-25,1225,Terra,MODIS,44,6.1NRT,283.96,11.78,N
36.51839,129.2458,316.97,1,1,2025-03-25,1225,Terra,MODIS,32,6.1NRT,284.31,13.12,N
36.48695,129.02715,309.22,1.01,1,2025-03-25,1225,Terra,MODIS,77,6.1NRT,285.29,9.89,N
36.48537,129.0162,300.19,1.01,1,2025-03-25,1225,Terra,MODIS,7,6.1NRT,284.1,4.27,N
36.53026,129.2654,317.78,1,1,2025-03-25,1225,Terra,MODIS,96,6.1NRT,287.34,16.35,N
36.52871,129.25458,339.29,1,1,2025-03-25,1225,Terra,MODIS,80,6.1NRT,288.89,41.03,N
36.52715,129.24376,325.98,1,1,2025-03-25,1225,Terra,MODIS,55,6.1NRT,286.66,21.87,N
36.47665,128.89362,323.03,1.01,1.01,2025-03-25,1225,Terra,MODIS,67,6.1NRT,285.3,17.79,N
36.45574,128.7509,318.84,1.02,1.01,2025-03-25,1225,Terra,MODIS,98,6.1NRT,284.68,18.19,N
36.42961,128.57401,332.74,1.02,1.01,2025-03-25,1225,Terra,MODIS,100,6.1NRT,286.82,35.15,N
36.42795,128.56276,308.26,1.02,1.01,2025-03-25,1225,Terra,MODIS,54,6.1NRT,284.41,10.13,N
36.41636,128.48492,303.02,1.03,1.01,2025-03-25,1225,Terra,MODIS,52,6.1NRT,282.87,7.71,N
36.53593,129.24178,338.11,1,1,2025-03-25,1225,Terra,MODIS,90,6.1NRT,287.86,39.55,N
36.4613,128.72662,309.02,1.02,1.01,2025-03-25,1225,Terra,MODIS,76,6.1NRT,284.25,10.66,N
36.45968,128.71555,304.55,1.02,1.01,2025-03-25,1225,Terra,MODIS,26,6.1NRT,283.83,7.32,N
36.44175,128.59413,351.01,1.02,1.01,2025-03-25,1225,Terra,MODIS,100,6.1NRT,290.42,67.81,N
36.44011,128.58307,336.37,1.02,1.01,2025-03-25,1225,Terra,MODIS,100,6.1NRT,288.63,39.34,N
36.43845,128.57191,342.78,1.02,1.01,2025-03-25,1225,Terra,MODIS,100,6.1NRT,287.82,50.65,N
36.4368,128.56073,328.96,1.02,1.01,2025-03-25,1225,Terra,MODIS,100,6.1NRT,286.12,29.55,N
36.43516,128.5497,326.99,1.02,1.01,2025-03-25,1225,Terra,MODIS,100,6.1NRT,285.64,27.51,N
36.54719,129.24469,309.19,1,1,2025-03-25,1225,Terra,MODIS,77,6.1NRT,284.05,11.32,N
36.54563,129.23381,319.98,1,1,2025-03-25,1225,Terra,MODIS,99,6.1NRT,283.76,20.81,N
36.5425,129.21202,323.44,1,1,2025-03-25,1225,Terra,MODIS,100,6.1NRT,284.41,22.71,N
36.54093,129.2011,311.91,1,1,2025-03-25,1225,Terra,MODIS,58,6.1NRT,284.92,12.22,N
36.53618,129.1682,318.51,1,1,2025-03-25,1225,Terra,MODIS,20,6.1NRT,287.06,15.6,N
36.5283,129.1136,326.11,1.01,1,2025-03-25,1225,Terra,MODIS,100,6.1NRT,286.85,21.37,N
36.52672,129.10266,317.97,1.01,1,2025-03-25,1225,Terra,MODIS,63,6.1NRT,284.77,12.59,N
36.49317,128.87263,329.2,1.01,1.01,2025-03-25,1225,Terra,MODIS,100,6.1NRT,285.71,28.01,N
36.49157,128.86169,323.92,1.01,1.01,2025-03-25,1225,Terra,MODIS,80,6.1NRT,285.43,21.58,N
36.45563,128.61925,314.24,1.02,1.01,2025-03-25,1225,Terra,MODIS,89,6.1NRT,284.78,14.99,N
36.45398,128.60818,338.07,1.02,1.01,2025-03-25,1225,Terra,MODIS,100,6.1NRT,286.51,43.54,N
36.45233,128.59714,321.75,1.02,1.01,2025-03-25,1225,Terra,MODIS,100,6.1NRT,286.37,21.59,N
36.45067,128.58611,329.77,1.02,1.01,2025-03-25,1225,Terra,MODIS,100,6.1NRT,286.65,31.38,N
36.44904,128.57515,301.88,1.02,1.01,2025-03-25,1225,Terra,MODIS,20,6.1NRT,283.33,6.38,N
36.43061,128.45271,321.75,1.03,1.01,2025-03-25,1225,Terra,MODIS,100,6.1NRT,285.65,23.34,N
36.54025,129.13348,318.91,1.01,1,2025-03-25,1225,Terra,MODIS,32,6.1NRT,287.23,16.01,N
36.53867,129.12257,320.1,1.01,1,2025-03-25,1225,Terra,MODIS,42,6.1NRT,287.04,16.74,N
36.53234,129.07883,316.06,1.01,1,2025-03-25,1225,Terra,MODIS,39,6.1NRT,285.05,11.28,N
36.53076,129.06789,336.77,1.01,1,2025-03-25,1225,Terra,MODIS,100,6.1NRT,287.04,36.13,N
36.52917,129.05693,311.38,1.01,1,2025-03-25,1225,Terra,MODIS,5,6.1NRT,284.38,8.07,N
36.49392,128.81578,311.86,1.01,1.01,2025-03-25,1225,Terra,MODIS,57,6.1NRT,284.86,10.79,N
36.46446,128.61716,394.56,1.02,1.01,2025-03-25,1225,Terra,MODIS,100,6.1NRT,291.32,230.65,N
36.46282,128.60612,361.48,1.02,1.01,2025-03-25,1225,Terra,MODIS,100,6.1NRT,286.26,95.24,N
36.54902,129.13147,323.88,1.01,1,2025-03-25,1225,Terra,MODIS,65,6.1NRT,286.28,20.94,N
36.54745,129.12056,339.25,1.01,1,2025-03-25,1225,Terra,MODIS,100,6.1NRT,287.82,41.48,N
36.54588,129.10968,346.17,1.01,1,2025-03-25,1225,Terra,MODIS,100,6.1NRT,290.46,52.44,N
36.54429,129.09871,345.37,1.01,1,2025-03-25,1225,Terra,MODIS,100,6.1NRT,289.83,50.32,N
36.53954,129.06587,312.3,1.01,1,2025-03-25,1225,Terra,MODIS,42,6.1NRT,285.64,9.41,N
36.46007,128.52657,321.63,1.02,1.01,2025-03-25,1225,Terra,MODIS,51,6.1NRT,286.04,20.56,N
36.4584,128.51543,336.02,1.03,1.01,2025-03-25,1225,Terra,MODIS,100,6.1NRT,287.58,40.09,N
36.45672,128.50424,309.55,1.03,1.01,2025-03-25,1225,Terra,MODIS,31,6.1NRT,284.08,11.04,N
36.45509,128.49335,319.25,1.03,1.01,2025-03-25,1225,Terra,MODIS,98,6.1NRT,284.41,19.41,N
36.5641,129.17322,314.72,1,1,2025-03-25,1225,Terra,MODIS,59,6.1NRT,286.05,13.93,N
36.47225,128.54675,309.69,1.02,1.01,2025-03-25,1225,Terra,MODIS,78,6.1NRT,283.59,11.57,N
36.47057,128.53552,304.22,1.02,1.01,2025-03-25,1225,Terra,MODIS,36,6.1NRT,283.12,7.93,N
36.57288,129.17125,331.82,1,1,2025-03-25,1225,Terra,MODIS,100,6.1NRT,285.96,33.63,N
36.5713,129.16028,304.23,1,1,2025-03-25,1225,Terra,MODIS,59,6.1NRT,284.85,7.72,N
36.56816,129.13846,333.43,1,1,2025-03-25,1225,Terra,MODIS,100,6.1NRT,289.49,34.85,N
36.56659,129.12749,325.12,1.01,1,2025-03-25,1225,Terra,MODIS,100,6.1NRT,288.67,24.39,N
36.56501,129.11656,334.1,1.01,1,2025-03-25,1225,Terra,MODIS,100,6.1NRT,290,34.7,N
36.56343,129.10564,339.94,1.01,1,2025-03-25,1225,Terra,MODIS,100,6.1NRT,290.06,43.02,N
36.56186,129.09471,333.68,1.01,1,2025-03-25,1225,Terra,MODIS,88,6.1NRT,288.54,32.08,N
36.56028,129.08376,324.32,1.01,1,2025-03-25,1225,Terra,MODIS,70,6.1NRT,287.26,19.84,N
36.54443,128.9744,313.01,1.01,1,2025-03-25,1225,Terra,MODIS,14,6.1NRT,285.71,10.88,N
36.53483,128.90855,313.09,1.01,1,2025-03-25,1225,Terra,MODIS,19,6.1NRT,286.1,12.27,N
36.52357,128.83159,336.92,1.01,1.01,2025-03-25,1225,Terra,MODIS,79,6.1NRT,287.01,37.24,N
36.50083,128.67737,320.31,1.02,1.01,2025-03-25,1225,Terra,MODIS,0,6.1NRT,286.89,15.78,N
36.49918,128.66624,320.35,1.02,1.01,2025-03-25,1225,Terra,MODIS,28,6.1NRT,286.17,15.83,N
36.49754,128.65518,325.12,1.02,1.01,2025-03-25,1225,Terra,MODIS,65,6.1NRT,285.39,20.44,N
36.48605,128.5779,304.65,1.02,1.01,2025-03-25,1225,Terra,MODIS,15,6.1NRT,283.8,7.77,N
36.57694,129.13644,370.24,1,1,2025-03-25,1225,Terra,MODIS,100,6.1NRT,290.86,119.59,N
36.57537,129.12553,362.75,1.01,1,2025-03-25,1225,Terra,MODIS,100,6.1NRT,292.89,96.21,N
36.5738,129.11464,337.92,1.01,1,2025-03-25,1225,Terra,MODIS,100,6.1NRT,290.27,41.22,N
36.57223,129.1037,336.45,1.01,1,2025-03-25,1225,Terra,MODIS,100,6.1NRT,288.75,38.98,N
36.54845,128.93964,337.5,1.01,1,2025-03-25,1225,Terra,MODIS,89,6.1NRT,288.69,37.49,N
36.54684,128.92857,323.58,1.01,1,2025-03-25,1225,Terra,MODIS,31,6.1NRT,286.28,19.29,N
36.54523,128.91751,326.24,1.01,1,2025-03-25,1225,Terra,MODIS,80,6.1NRT,285.28,24.84,N
36.5243,128.77455,324,1.01,1.01,2025-03-25,1225,Terra,MODIS,84,6.1NRT,286.72,21.41,N
36.52268,128.76355,313.65,1.02,1.01,2025-03-25,1225,Terra,MODIS,37,6.1NRT,285.41,11.75,N
36.51945,128.74159,318.12,1.02,1.01,2025-03-25,1225,Terra,MODIS,83,6.1NRT,285.22,16.87,N
36.51618,128.71944,321.31,1.02,1.01,2025-03-25,1225,Terra,MODIS,100,6.1NRT,285.66,20.21,N
36.51455,128.70839,310.26,1.02,1.01,2025-03-25,1225,Terra,MODIS,26,6.1NRT,284.77,10.48,N
36.51292,128.69739,308.82,1.02,1.01,2025-03-25,1225,Terra,MODIS,19,6.1NRT,285.79,9.61,N
36.5747,129.05795,328.35,1.01,1,2025-03-25,1225,Terra,MODIS,100,6.1NRT,288.04,27.05,N
36.57312,129.04707,338.81,1.01,1,2025-03-25,1225,Terra,MODIS,100,6.1NRT,289.83,41.09,N
36.57154,129.03609,314.25,1.01,1,2025-03-25,1225,Terra,MODIS,23,6.1NRT,287.01,11.57,N
36.56995,129.02515,337.57,1.01,1,2025-03-25,1225,Terra,MODIS,100,6.1NRT,289.07,38.24,N
36.56837,129.01416,334.31,1.01,1,2025-03-25,1225,Terra,MODIS,100,6.1NRT,287.98,33.79,N
36.55724,128.9375,325.68,1.01,1,2025-03-25,1225,Terra,MODIS,0,6.1NRT,286.95,22.14,N
36.51685,128.66219,335.46,1.02,1.01,2025-03-25,1225,Terra,MODIS,100,6.1NRT,287.93,37.89,N
36.51522,128.65115,319.26,1.02,1.01,2025-03-25,1225,Terra,MODIS,43,6.1NRT,286.5,18.17,N
36.51359,128.64018,328.48,1.02,1.01,2025-03-25,1225,Terra,MODIS,80,6.1NRT,287.67,28.35,N
36.58506,129.06689,373.52,1.01,1,2025-03-25,1225,Terra,MODIS,100,6.1NRT,292.91,130.92,N
36.58349,129.05602,378.13,1.01,1,2025-03-25,1225,Terra,MODIS,100,6.1NRT,296.37,148.44,N
36.58191,129.0451,373.86,1.01,1,2025-03-25,1225,Terra,MODIS,100,6.1NRT,294.14,131.8,N
36.58033,129.0341,355.14,1.01,1,2025-03-25,1225,Terra,MODIS,100,6.1NRT,291.2,75.24,N
36.57874,129.02315,322.22,1.01,1,2025-03-25,1225,Terra,MODIS,64,6.1NRT,286.62,20.39,N
36.97307,128.74295,301.29,1.01,1.01,2025-03-25,1225,Terra,MODIS,40,6.1NRT,281.44,7.88,N
35.39994,129.24278,310.69,1.01,1,2025-03-25,1225,Terra,MODIS,31,6.1NRT,288.62,9.9,N
35.40876,129.24094,308.97,1.01,1,2025-03-25,1225,Terra,MODIS,19,6.1NRT,288.44,8.54,N
35.40721,129.2303,317.54,1.01,1.01,2025-03-25,1225,Terra,MODIS,89,6.1NRT,287.77,15.59,N
35.40564,129.21959,316,1.01,1.01,2025-03-25,1225,Terra,MODIS,77,6.1NRT,286.8,14.48,N
35.42226,129.27118,307.8,1.01,1,2025-03-25,1225,Terra,MODIS,73,6.1NRT,289.15,8.59,N
35.42069,129.26041,349.84,1.01,1,2025-03-25,1225,Terra,MODIS,100,6.1NRT,292.18,62.97,N
35.21064,127.86837,311.68,1.09,1.04,2025-03-25,1225,Terra,MODIS,83,6.1NRT,287.19,13.01,N
35.2089,127.8573,315.83,1.09,1.04,2025-03-25,1225,Terra,MODIS,92,6.1NRT,287.39,16.81,N
35.42949,129.25842,328.29,1.01,1,2025-03-25,1225,Terra,MODIS,100,6.1NRT,289.45,27.04,N
35.22153,127.87759,328.29,1.09,1.04,2025-03-25,1225,Terra,MODIS,100,6.1NRT,288.51,31.68,N
35.21976,127.86632,332.57,1.09,1.04,2025-03-25,1225,Terra,MODIS,100,6.1NRT,289.85,37.25,N
35.21801,127.85522,316.24,1.09,1.04,2025-03-25,1225,Terra,MODIS,93,6.1NRT,288.38,16.93,N
35.21621,127.84376,326.59,1.09,1.04,2025-03-25,1225,Terra,MODIS,100,6.1NRT,288.58,29.33,N
35.2299,127.88176,320.88,1.09,1.04,2025-03-25,1225,Terra,MODIS,100,6.1NRT,286.45,23.06,N
35.22812,127.8706,323.13,1.09,1.04,2025-03-25,1225,Terra,MODIS,100,6.1NRT,288.3,25.63,N
35.27184,127.7888,314.89,1.1,1.04,2025-03-25,1225,Terra,MODIS,90,6.1NRT,285.75,17.13,N
36.00219,129.3855,301.86,1,1,2025-03-25,1225,Terra,MODIS,45,6.1NRT,291.25,5.18,N
36.42038,129.39719,317.98,1,1,2025-03-25,1225,Terra,MODIS,96,6.1NRT,288.97,8.78,N
36.41884,129.38629,313.64,1,1,2025-03-25,1225,Terra,MODIS,23,6.1NRT,289.79,5.68,N
36.43378,129.42784,326.02,1,1,2025-03-25,1225,Terra,MODIS,96,6.1NRT,288.79,0,N
36.43224,129.41698,351.03,1,1,2025-03-25,1225,Terra,MODIS,100,6.1NRT,290.18,62.13,N
36.4307,129.4061,366.34,1,1,2025-03-25,1225,Terra,MODIS,100,6.1NRT,291.15,101.45,N
36.42916,129.39523,361.26,1,1,2025-03-25,1225,Terra,MODIS,100,6.1NRT,290.18,83.45,N
36.42761,129.38434,341.97,1,1,2025-03-25,1225,Terra,MODIS,100,6.1NRT,289.77,41.13,N
36.42607,129.37346,334.68,1,1,2025-03-25,1225,Terra,MODIS,100,6.1NRT,289.83,30.3,N
36.42452,129.36258,320.14,1,1,2025-03-25,1225,Terra,MODIS,96,6.1NRT,289.16,13,N
36.42297,129.35173,311.51,1,1,2025-03-25,1225,Terra,MODIS,9,6.1NRT,288.86,6.81,N
36.36002,128.91556,332.17,1.01,1.01,2025-03-25,1225,Terra,MODIS,96,6.1NRT,289.42,32.91,N
36.35843,128.90465,324.88,1.01,1.01,2025-03-25,1225,Terra,MODIS,0,6.1NRT,286.84,22.44,N
36.35038,128.84973,304.82,1.01,1.01,2025-03-25,1225,Terra,MODIS,53,6.1NRT,283.94,8.46,N
36.34878,128.83885,322.74,1.01,1.01,2025-03-25,1225,Terra,MODIS,100,6.1NRT,284.83,22.81,N
36.34716,128.82787,317.07,1.01,1.01,2025-03-25,1225,Terra,MODIS,94,6.1NRT,284.19,17.45,N
36.34555,128.81686,302.31,1.02,1.01,2025-03-25,1225,Terra,MODIS,48,6.1NRT,283.75,7.34,N
36.34066,128.78369,309.65,1.02,1.01,2025-03-25,1225,Terra,MODIS,78,6.1NRT,285.4,11.75,N
36.44256,129.42587,361.41,1,1,2025-03-25,1225,Terra,MODIS,100,6.1NRT,297.2,87.25,N
36.44102,129.41501,470.72,1,1,2025-03-25,1225,Terra,MODIS,100,6.1NRT,320.26,1016.58,N
36.43948,129.40416,499.97,1,1,2025-03-25,1225,Terra,MODIS,100,6.1NRT,366.42,1604.8,N
36.43793,129.39328,499.97,1,1,2025-03-25,1225,Terra,MODIS,100,6.1NRT,348.42,1604.95,N
36.43639,129.38239,480.47,1,1,2025-03-25,1225,Terra,MODIS,100,6.1NRT,325.96,1191.94,N
36.43484,129.37152,499.97,1,1,2025-03-25,1225,Terra,MODIS,100,6.1NRT,329.86,1604.54,N
36.4333,129.36063,443.85,1,1,2025-03-25,1225,Terra,MODIS,100,6.1NRT,312.25,632.16,N
36.43175,129.34975,413.06,1,1,2025-03-25,1225,Terra,MODIS,100,6.1NRT,301.53,338.15,N
36.4302,129.33887,354.84,1,1,2025-03-25,1225,Terra,MODIS,100,6.1NRT,292.05,70.18,N
36.42865,129.32799,353.88,1,1,2025-03-25,1225,Terra,MODIS,100,6.1NRT,292.61,68.95,N
36.4271,129.31711,327.85,1,1,2025-03-25,1225,Terra,MODIS,100,6.1NRT,289.55,24.88,N
36.37681,128.96826,308.69,1.01,1,2025-03-25,1225,Terra,MODIS,75,6.1NRT,285.63,10.92,N
36.37522,128.95737,328.96,1.01,1,2025-03-25,1225,Terra,MODIS,100,6.1NRT,287.19,29.44,N
36.34949,128.78169,303.01,1.02,1.01,2025-03-25,1225,Terra,MODIS,30,6.1NRT,284.51,7.06,N
36.34786,128.77063,315.88,1.02,1.01,2025-03-25,1225,Terra,MODIS,92,6.1NRT,284.71,16.43,N
36.45134,129.42395,480.39,1,1,2025-03-25,1225,Terra,MODIS,100,6.1NRT,333.53,1189.77,N
36.44979,129.41307,499.97,1,1,2025-03-25,1225,Terra,MODIS,100,6.1NRT,352.45,1604.48,N
36.44825,129.40221,499.97,1,1,2025-03-25,1225,Terra,MODIS,100,6.1NRT,353.44,1603.93,N
36.44671,129.39133,499.97,1,1,2025-03-25,1225,Terra,MODIS,100,6.1NRT,349.36,1604.54,N
36.44517,129.38048,499.97,1,1,2025-03-25,1225,Terra,MODIS,100,6.1NRT,337.19,1604.83,N
36.44362,129.36961,461.69,1,1,2025-03-25,1225,Terra,MODIS,100,6.1NRT,328.61,872.33,N
36.44207,129.35872,459.92,1,1,2025-03-25,1225,Terra,MODIS,100,6.1NRT,331.87,846.54,N
36.44053,129.34782,431.12,1,1,2025-03-25,1225,Terra,MODIS,100,6.1NRT,318.55,494.82,N
36.43898,129.33693,398.57,1,1,2025-03-25,1225,Terra,MODIS,100,6.1NRT,305.96,242.89,N
36.43743,129.32605,454.35,1,1,2025-03-25,1225,Terra,MODIS,100,6.1NRT,318.6,769.66,N
36.43588,129.31517,429.24,1,1,2025-03-25,1225,Terra,MODIS,100,6.1NRT,310.36,478.57,N
36.43433,129.30429,361.73,1,1,2025-03-25,1225,Terra,MODIS,100,6.1NRT,294.62,90.22,N
36.43277,129.29341,326.16,1,1,2025-03-25,1225,Terra,MODIS,100,6.1NRT,289.18,23.76,N
36.43122,129.28258,368.49,1,1,2025-03-25,1225,Terra,MODIS,100,6.1NRT,295.14,111.1,N
36.42966,129.2717,353.24,1,1,2025-03-25,1225,Terra,MODIS,100,6.1NRT,295.52,70.26,N
36.42811,129.26079,307.3,1,1,2025-03-25,1225,Terra,MODIS,71,6.1NRT,288.3,8.1,N
36.41407,129.1631,309.05,1.01,1,2025-03-25,1225,Terra,MODIS,76,6.1NRT,285.08,10.82,N
36.4125,129.15218,344.03,1.01,1,2025-03-25,1225,Terra,MODIS,100,6.1NRT,289.18,52.67,N
36.41093,129.1412,332.74,1.01,1,2025-03-25,1225,Terra,MODIS,58,6.1NRT,288.51,32.27,N
36.40935,129.13023,318.51,1.01,1,2025-03-25,1225,Terra,MODIS,59,6.1NRT,286.53,17.03,N
36.40619,129.10829,330.09,1.01,1,2025-03-25,1225,Terra,MODIS,83,6.1NRT,287.9,29.32,N
36.39988,129.06458,330.09,1.01,1,2025-03-25,1225,Terra,MODIS,88,6.1NRT,288.85,29.31,N
36.3983,129.0537,347.5,1.01,1,2025-03-25,1225,Terra,MODIS,100,6.1NRT,290.99,57.73,N
36.39672,129.0428,334.97,1.01,1,2025-03-25,1225,Terra,MODIS,100,6.1NRT,288.44,37.05,N
36.38721,128.97726,321.11,1.01,1,2025-03-25,1225,Terra,MODIS,100,6.1NRT,285.98,20.81,N
36.38561,128.96629,348.12,1.01,1,2025-03-25,1225,Terra,MODIS,100,6.1NRT,289.12,59.41,N
36.38403,128.95547,326.99,1.01,1,2025-03-25,1225,Terra,MODIS,43,6.1NRT,287.02,24.42,N
36.38242,128.94435,323,1.01,1.01,2025-03-25,1225,Terra,MODIS,0,6.1NRT,287.29,18.25,N
36.38082,128.93333,327.53,1.01,1.01,2025-03-25,1225,Terra,MODIS,42,6.1NRT,287.43,22.88,N
36.46319,129.44373,336.22,1,1,2025-03-25,1225,Terra,MODIS,96,6.1NRT,289.69,33.95,N
36.46011,129.42203,499.97,1,1,2025-03-25,1225,Terra,MODIS,100,6.1NRT,376.43,1604.54,N
36.45857,129.41115,499.97,1,1,2025-03-25,1225,Terra,MODIS,100,6.1NRT,328.42,1604.32,N
36.45703,129.40028,481.92,1,1,2025-03-25,1225,Terra,MODIS,100,6.1NRT,334.09,1218.88,N
36.45548,129.3894,464.16,1,1,2025-03-25,1225,Terra,MODIS,100,6.1NRT,336.78,909.9,N
36.45394,129.37854,419.06,1,1,2025-03-25,1225,Terra,MODIS,100,6.1NRT,317.55,383.69,N
36.4524,129.36769,403.12,1,1,2025-03-25,1225,Terra,MODIS,100,6.1NRT,312.21,268.36,N
36.45085,129.35681,424.01,1,1,2025-03-25,1225,Terra,MODIS,100,6.1NRT,315.07,426.44,N
36.4493,129.34592,411.73,1,1,2025-03-25,1225,Terra,MODIS,100,6.1NRT,312.87,327.69,N
36.44775,129.33501,386.46,1,1,2025-03-25,1225,Terra,MODIS,100,6.1NRT,306.65,178.79,N
36.44621,129.32411,381.32,1,1,2025-03-25,1225,Terra,MODIS,100,6.1NRT,305.2,156.66,N
36.44466,129.31323,374.81,1,1,2025-03-25,1225,Terra,MODIS,100,6.1NRT,303.67,131.72,N
36.4431,129.30235,360.91,1,1,2025-03-25,1225,Terra,MODIS,100,6.1NRT,298.98,87.91,N
36.44155,129.29144,360.24,1,1,2025-03-25,1225,Terra,MODIS,100,6.1NRT,297.94,86.24,N
36.44,129.28062,390.13,1,1,2025-03-25,1225,Terra,MODIS,100,6.1NRT,300.02,199.19,N
36.43845,129.26979,421.05,1,1,2025-03-25,1225,Terra,MODIS,100,6.1NRT,308.33,405.28,N
36.40758,129.02937,316.24,1.76,1.3,2025-03-25,1758,Aqua,MODIS,34,6.1NRT,281.79,35.54,N
36.4283,128.81483,308.31,1.82,1.32,2025-03-25,1758,Aqua,MODIS,74,6.1NRT,281.05,28.02,N
36.43021,128.79497,301.22,1.82,1.32,2025-03-25,1758,Aqua,MODIS,39,6.1NRT,280.23,18.45,N
36.45703,128.51048,301.14,1.9,1.35,2025-03-25,1758,Aqua,MODIS,38,6.1NRT,280.55,18.74,N
36.4691,128.63654,307.47,1.87,1.34,2025-03-25,1758,Aqua,MODIS,72,6.1NRT,279.54,26.49,N
36.47105,128.61607,342.4,1.87,1.34,2025-03-25,1758,Aqua,MODIS,100,6.1NRT,280.51,126.45,N
36.42308,129.33388,323.59,1.68,1.28,2025-03-25,1758,Aqua,MODIS,25,6.1NRT,283.88,44.22,N
36.42869,129.27931,319.63,1.7,1.28,2025-03-25,1758,Aqua,MODIS,99,6.1NRT,284.84,41.72,N
36.43057,129.261,309.33,1.7,1.28,2025-03-25,1758,Aqua,MODIS,21,6.1NRT,283.02,22.73,N
36.43422,129.22531,312.59,1.71,1.28,2025-03-25,1758,Aqua,MODIS,25,6.1NRT,282.28,28.66,N
36.42146,129.34085,324.5,1.68,1.28,2025-03-25,1758,Aqua,MODIS,82,6.1NRT,284.33,48.58,N
36.42326,129.32216,312.27,1.69,1.28,2025-03-25,1758,Aqua,MODIS,43,6.1NRT,283.16,26.11,N
36.42506,129.30353,305.49,1.69,1.28,2025-03-25,1758,Aqua,MODIS,45,6.1NRT,283.05,18.04,N
36.42678,129.28574,312.58,1.7,1.28,2025-03-25,1758,Aqua,MODIS,85,6.1NRT,283.99,29.7,N
36.42854,129.26749,317.17,1.7,1.28,2025-03-25,1758,Aqua,MODIS,95,6.1NRT,283.58,37.36,N
36.44337,129.23256,318.23,1.71,1.28,2025-03-25,1758,Aqua,MODIS,80,6.1NRT,283.95,39.19,N
36.44508,129.21492,333.33,1.72,1.29,2025-03-25,1758,Aqua,MODIS,100,6.1NRT,284.06,77.53,N
36.46002,129.17943,306.04,1.73,1.29,2025-03-25,1758,Aqua,MODIS,28,6.1NRT,280.93,20.01,N
36.50836,128.66911,303.84,1.86,1.33,2025-03-25,1758,Aqua,MODIS,24,6.1NRT,279.62,19.69,N
36.52012,128.67073,305.63,1.86,1.33,2025-03-25,1758,Aqua,MODIS,56,6.1NRT,280.75,23.74,N
36.4961,129.27908,319.75,1.7,1.28,2025-03-25,1758,Aqua,MODIS,99,6.1NRT,282.12,43.67,N
36.50764,129.38991,318.27,1.68,1.27,2025-03-25,1758,Aqua,MODIS,78,6.1NRT,283.87,35.17,N
36.50947,129.37207,315.96,1.68,1.27,2025-03-25,1758,Aqua,MODIS,60,6.1NRT,284.18,32.38,N
36.50988,129.37755,319.58,1.68,1.27,2025-03-25,1758,Aqua,MODIS,51,6.1NRT,284.51,39.09,N
36.53164,129.271,304.65,1.71,1.28,2025-03-25,1758,Aqua,MODIS,61,6.1NRT,281.88,20.55,N
36.5444,129.13843,309.84,1.74,1.29,2025-03-25,1758,Aqua,MODIS,65,6.1NRT,281.52,26.27,N
36.54618,129.11971,303.77,1.75,1.3,2025-03-25,1758,Aqua,MODIS,34,6.1NRT,280.75,17.39,N
36.57668,129.16299,303.62,1.74,1.29,2025-03-25,1758,Aqua,MODIS,36,6.1NRT,281.34,18.29,N
36.57858,129.14372,316.49,1.74,1.29,2025-03-25,1758,Aqua,MODIS,93,6.1NRT,282.04,38.3,N
36.58788,129.04839,300.8,1.77,1.3,2025-03-25,1758,Aqua,MODIS,34,6.1NRT,280.95,16.3,N
35.22041,127.85249,301.72,2.02,1.39,2025-03-25,1758,Aqua,MODIS,44,6.1NRT,282.54,22.61,N
35.40511,129.24454,317.75,1.65,1.26,2025-03-25,1758,Aqua,MODIS,96,6.1NRT,285.57,36.78,N
35.4067,129.22902,313.02,1.66,1.27,2025-03-25,1758,Aqua,MODIS,86,6.1NRT,284.83,29.07,N
35.40849,129.21181,302.9,1.66,1.27,2025-03-25,1758,Aqua,MODIS,52,6.1NRT,283.27,15.65,N
36.36133,128.91997,315.1,1.79,1.31,2025-03-25,1758,Aqua,MODIS,91,6.1NRT,283.03,38.03,N
36.3632,128.90109,309.68,1.79,1.31,2025-03-25,1758,Aqua,MODIS,78,6.1NRT,281.27,28.52,N
36.39066,128.62036,304.51,1.87,1.34,2025-03-25,1758,Aqua,MODIS,36,6.1NRT,280.38,21.75,N
36.36096,128.90633,315.47,1.79,1.31,2025-03-25,1758,Aqua,MODIS,80,6.1NRT,282.17,35.84,N
36.38665,128.62494,303.46,1.87,1.34,2025-03-25,1758,Aqua,MODIS,23,6.1NRT,279.76,19.94,N
36.37862,128.96732,331.1,1.78,1.31,2025-03-25,1758,Aqua,MODIS,100,6.1NRT,283.08,74.28,N
36.38045,128.94788,328.62,1.78,1.31,2025-03-25,1758,Aqua,MODIS,100,6.1NRT,283.19,67.24,N
36.39008,128.96938,310.51,1.78,1.31,2025-03-25,1758,Aqua,MODIS,43,6.1NRT,280.76,27.12,N
36.39962,128.99147,306.56,1.77,1.3,2025-03-25,1758,Aqua,MODIS,53,6.1NRT,280.01,22.58,N
36.43937,128.57135,309.67,1.89,1.34,2025-03-25,1758,Aqua,MODIS,76,6.1NRT,281.42,30.47,N
35.40549,129.19756,304.26,4.38,1.93,2025-03-26,0026,Terra,MODIS,58,6.1NRT,287.69,37.48,D
35.40366,129.2417,307.67,4.34,1.92,2025-03-26,0026,Terra,MODIS,66,6.1NRT,287.94,54.46,D
35.4022,129.19072,303.5,4.38,1.93,2025-03-26,0026,Terra,MODIS,56,6.1NRT,287.93,32.77,D
35.40006,129.23625,309.62,4.34,1.92,2025-03-26,0026,Terra,MODIS,69,6.1NRT,288.19,65.06,D
36.41909,128.78172,309.87,3.95,1.85,2025-03-26,0204,Terra,MODIS,69,6.1NRT,290.16,59.14,D
36.40944,128.82057,308.93,3.97,1.85,2025-03-26,0204,Terra,MODIS,68,6.1NRT,288.51,56.16,D
36.35998,128.52821,304.64,3.82,1.83,2025-03-26,0204,Terra,MODIS,51,6.1NRT,289.22,26.92,D
36.4169,128.82744,310.15,3.97,1.85,2025-03-26,0204,Terra,MODIS,22,6.1NRT,287.86,58.19,D
36.42673,128.78876,314.31,3.95,1.85,2025-03-26,0204,Terra,MODIS,59,6.1NRT,289.03,79.13,D
36.41837,128.80972,313.03,2.52,1.53,2025-03-26,0459,Aqua,MODIS,64,6.1NRT,296.14,30.59,D
36.51722,129.24866,309.67,2.35,1.48,2025-03-26,0459,Aqua,MODIS,62,6.1NRT,286.96,31.53,D
36.50011,129.35379,320.76,2.31,1.47,2025-03-26,0459,Aqua,MODIS,71,6.1NRT,289.91,55.15,D
36.3884,128.96892,317.6,2.47,1.51,2025-03-26,0459,Aqua,MODIS,56,6.1NRT,292.52,44.74,D
36.39458,128.99654,315.02,2.46,1.51,2025-03-26,0459,Aqua,MODIS,42,6.1NRT,290.64,36.23,D
36.38735,129.02608,332.71,2.45,1.51,2025-03-26,0459,Aqua,MODIS,87,6.1NRT,294.15,104.19,D
36.39255,129.04924,311.67,2.44,1.51,2025-03-26,0459,Aqua,MODIS,22,6.1NRT,291.98,26.17,D
36.3452,128.90083,313.76,2.5,1.52,2025-03-26,0459,Aqua,MODIS,46,6.1NRT,293.82,33.23,D
36.39696,129.13033,309.28,2.41,1.5,2025-03-26,0459,Aqua,MODIS,30,6.1NRT,292.02,23.55,D
36.40289,129.1568,306.65,2.4,1.49,2025-03-26,0459,Aqua,MODIS,18,6.1NRT,289.77,19.15,D
36.41026,129.31128,313.36,2.34,1.48,2025-03-26,0459,Aqua,MODIS,27,6.1NRT,289.76,30.33,D
36.50179,129.35796,322.51,2.31,1.47,2025-03-26,0459,Aqua,MODIS,79,6.1NRT,289.71,64.82,D
36.49331,128.65979,329.89,2.56,1.54,2025-03-26,0459,Aqua,MODIS,85,6.1NRT,294.78,95.85,D
36.49963,128.68755,307.59,2.55,1.54,2025-03-26,0459,Aqua,MODIS,37,6.1NRT,293.93,14.45,D
36.43532,128.57201,307.4,2.61,1.55,2025-03-26,0459,Aqua,MODIS,27,6.1NRT,293.3,14.86,D
36.4123,128.78308,310.36,2.53,1.53,2025-03-26,0459,Aqua,MODIS,52,6.1NRT,297.49,21.4,D
36.41189,129.31795,315.84,2.34,1.48,2025-03-26,0459,Aqua,MODIS,46,6.1NRT,289.68,37.82,D
35.39631,129.23434,305.43,2.52,1.53,2025-03-26,0459,Aqua,MODIS,49,6.1NRT,291.86,15.8,D
35.39101,129.21074,306.22,2.53,1.53,2025-03-26,0459,Aqua,MODIS,50,6.1NRT,290.73,16.44,D
36.41508,129.39461,307.71,2.31,1.47,2025-03-26,0459,Aqua,MODIS,37,6.1NRT,289.78,19.27,D
36.37927,128.85985,306.71,2.7,1.57,2025-03-26,1304,Terra,MODIS,23,6.1NRT,285.67,35.48,N
36.49094,128.55423,310.7,2.58,1.54,2025-03-26,1304,Terra,MODIS,81,6.1NRT,274.6,47.59,N
36.48421,128.54828,316.26,2.58,1.54,2025-03-26,1304,Terra,MODIS,93,6.1NRT,275.61,63.57,N
36.58341,129.0116,300.03,2.78,1.59,2025-03-26,1304,Terra,MODIS,11,6.1NRT,282.63,29.5,N
35.27257,127.78722,302.95,2.23,1.45,2025-03-26,1304,Terra,MODIS,52,6.1NRT,285.18,25.81,N
36.35305,128.89053,307.02,2.71,1.58,2025-03-26,1304,Terra,MODIS,36,6.1NRT,285.94,36.62,N
36.35125,128.86157,303.95,2.7,1.57,2025-03-26,1304,Terra,MODIS,28,6.1NRT,285.3,28.82,N
36.38684,128.97887,321.27,2.75,1.59,2025-03-26,1304,Terra,MODIS,100,6.1NRT,285.99,91.4,N
36.45967,128.49998,304.31,2.56,1.54,2025-03-26,1304,Terra,MODIS,38,6.1NRT,282.92,30.83,N
35.28537,127.78554,312,2.23,1.45,2025-03-26,1304,Terra,MODIS,84,6.1NRT,285.57,42.67,N
36.346,128.86813,304.07,2.7,1.57,2025-03-26,1304,Terra,MODIS,58,6.1NRT,285.21,31.41,N
36.34806,128.89836,306.39,2.71,1.58,2025-03-26,1304,Terra,MODIS,49,6.1NRT,286.16,36.14,N
35.28496,127.78063,310.28,2.23,1.45,2025-03-26,1304,Terra,MODIS,80,6.1NRT,285.5,39.26,N
36.35218,128.75406,300.21,2.65,1.56,2025-03-26,1304,Terra,MODIS,17,6.1NRT,286.29,21.82,N
36.34407,128.83972,302.37,2.69,1.57,2025-03-26,1304,Terra,MODIS,19,6.1NRT,285.28,25.21,N
35.27218,127.78267,303.72,2.23,1.45,2025-03-26,1304,Terra,MODIS,57,6.1NRT,285.31,26.7,N
36.4216,129.31339,301.98,1.28,1.12,2025-03-26,1836,Aqua,MODIS,40,6.1NRT,284.96,9.99,N
36.38772,128.98532,301.28,1.23,1.1,2025-03-26,1836,Aqua,MODIS,40,6.1NRT,283.03,8.7,N
36.3493,128.92076,302.26,1.22,1.1,2025-03-26,1836,Aqua,MODIS,48,6.1NRT,284.87,8.9,N
35.97781,127.5816,309.61,1.09,1.04,2025-03-26,1836,Aqua,MODIS,78,6.1NRT,279.1,14.71,N
35.96882,127.57883,311.53,1.09,1.04,2025-03-26,1836,Aqua,MODIS,74,6.1NRT,276.29,15.51,N
35.27763,127.8154,306.58,1.11,1.05,2025-03-28,1817,Aqua,MODIS,54,6.1NRT,272.49,13.74,N
35.28836,127.80556,301.96,1.11,1.05,2025-03-28,1817,Aqua,MODIS,21,6.1NRT,272.04,10.43,N
35.28415,127.81618,301.59,2.43,1.5,2025-03-29,0048,Terra,MODIS,48,6.1NRT,278.15,23.99,D
35.28786,127.81026,302.15,2.43,1.5,2025-03-29,0048,Terra,MODIS,51,6.1NRT,278.81,25.09,D
35.9654,128.41782,300.14,1.09,1.04,2025-03-30,0124,Terra,MODIS,17,6.1NRT,280.23,5.1,D
35.07354,128.07164,301.92,1.08,1.04,2025-03-30,0126,Terra,MODIS,15,6.1NRT,287.71,3.4,D
37.42572,129.177,303.52,1.1,1.04,2025-04-01,0107,Terra,MODIS,49,6.1NRT,290.13,4.62,D
37.48371,129.05182,306.11,1.03,1.01,2025-04-01,0538,Aqua,MODIS,59,6.1NRT,294.49,5.86,D
37.36267,126.94881,307.26,1.02,1.01,2025-04-01,0538,Aqua,MODIS,52,6.1NRT,295,4.43,D
36.05068,126.75105,306.73,1.04,1.02,2025-04-01,0538,Aqua,MODIS,52,6.1NRT,293.08,5.13,D
35.78296,127.83169,308.05,1.01,1,2025-04-01,0538,Aqua,MODIS,63,6.1NRT,289.67,7.05,D
35.23667,128.01529,321.34,1,1,2025-04-01,0538,Aqua,MODIS,80,6.1NRT,291.18,17.69,D
35.23828,128.02596,304.6,1,1,2025-04-01,0538,Aqua,MODIS,55,6.1NRT,291.77,4.44,D
35.16153,127.95009,301.15,2,1.38,2025-04-02,0147,Terra,MODIS,28,6.1NRT,290.24,11.6,D
35.64632,128.41426,306.48,2.09,1.41,2025-04-02,0147,Terra,MODIS,17,6.1NRT,294.61,15.56,D
36.46108,127.06091,301.23,1.65,1.26,2025-04-02,0147,Terra,MODIS,45,6.1NRT,289.72,7.18,D
36.22549,128.12943,300.67,1.94,1.36,2025-04-02,0147,Terra,MODIS,31,6.1NRT,289.32,8.75,D
35.66728,129.30025,305.33,1.33,1.14,2025-04-03,0516,Aqua,MODIS,38,6.1NRT,287.81,8.8,D
35.56522,129.36324,310.97,1.33,1.14,2025-04-03,0516,Aqua,MODIS,30,6.1NRT,292.41,12.51,D
35.94149,129.26408,304.06,1.32,1.14,2025-04-03,0516,Aqua,MODIS,44,6.1NRT,290.52,6.56,D
36.52891,128.46245,310.55,1.42,1.18,2025-04-03,0516,Aqua,MODIS,32,6.1NRT,297.39,13.41,D
35.66988,129.3143,320.77,1.33,1.14,2025-04-03,0516,Aqua,MODIS,76,6.1NRT,292.66,27.06,D
37.87599,127.20063,310.95,1.57,1.23,2025-04-03,0518,Aqua,MODIS,48,6.1NRT,296.81,12.58,D
35.14911,128.9839,306.77,1.22,1.1,2025-04-04,0126,Terra,MODIS,39,6.1NRT,293.64,9.31,D
36.16813,128.39894,303.14,1.12,1.05,2025-04-04,0126,Terra,MODIS,24,6.1NRT,289.19,4.14,D
35.87072,128.83282,307.49,1.17,1.08,2025-04-04,0126,Terra,MODIS,45,6.1NRT,292.3,5.91,D
35.87718,128.47098,304.64,1.13,1.06,2025-04-04,0126,Terra,MODIS,39,6.1NRT,291.86,6.13,D
35.84148,128.35556,301.33,1.12,1.06,2025-04-04,0126,Terra,MODIS,23,6.1NRT,289.13,4.43,D
35.67061,129.31723,312.67,1.24,1.11,2025-04-04,0126,Terra,MODIS,62,6.1NRT,290.79,12.98,D
35.68322,128.46065,305.36,1.14,1.06,2025-04-04,0126,Terra,MODIS,22,6.1NRT,292.56,6.15,D
35.43013,129.33955,305.44,1.25,1.11,2025-04-04,0126,Terra,MODIS,19,6.1NRT,290.88,6.47,D
35.37272,129.24936,300.97,1.24,1.11,2025-04-04,0126,Terra,MODIS,38,6.1NRT,289.3,5.32,D
35.37042,129.26262,302.62,1.25,1.11,2025-04-04,0126,Terra,MODIS,50,6.1NRT,290.39,6.46,D
35.31793,129.20146,302.53,1.24,1.11,2025-04-04,0126,Terra,MODIS,37,6.1NRT,288.64,6.36,D
35.38865,128.72668,306.34,1.18,1.08,2025-04-04,0126,Terra,MODIS,36,6.1NRT,292.28,6.74,D
35.24526,128.62032,307.3,1.17,1.08,2025-04-04,0126,Terra,MODIS,52,6.1NRT,293.15,7.82,D
35.28959,128.32005,306.45,1.14,1.06,2025-04-04,0126,Terra,MODIS,55,6.1NRT,293.83,6.99,D
36.99142,126.69753,314.14,1.01,1,2025-04-04,0126,Terra,MODIS,0,6.1NRT,288.69,8.14,D
35.1469,128.82336,301.68,1.2,1.09,2025-04-04,0126,Terra,MODIS,46,6.1NRT,290.48,5.8,D
35.24882,128.16106,309.54,1.12,1.06,2025-04-04,0126,Terra,MODIS,69,6.1NRT,291.54,8.83,D
35.1629,127.95648,303.58,1.1,1.05,2025-04-04,0126,Terra,MODIS,49,6.1NRT,289.83,6.26,D
35.11051,126.32722,305.49,1.01,1,2025-04-04,0126,Terra,MODIS,0,6.1NRT,290.64,4.24,D
36.98809,126.70561,310.38,1.22,1.1,2025-04-04,0557,Aqua,MODIS,50,6.1NRT,293.32,8.71,D
36.98655,126.69231,314.33,1.22,1.1,2025-04-04,0557,Aqua,MODIS,55,6.1NRT,293.12,12.6,D
38.04815,127.08366,304.42,1.31,1.13,2025-04-04,0557,Aqua,MODIS,53,6.1NRT,290.8,4.2,D
36.98356,126.70993,308.39,1.33,1.14,2025-04-06,0107,Terra,MODIS,63,6.1NRT,293.26,11.25,D
37.48501,129.05418,305.11,1.07,1.03,2025-04-06,0107,Terra,MODIS,61,6.1NRT,290.15,6.72,D
36.98517,126.6953,307.42,1.33,1.14,2025-04-06,0107,Terra,MODIS,40,6.1NRT,292.21,9.7,D
35.57298,126.68645,307.75,1.09,1.04,2025-04-06,0538,Aqua,MODIS,50,6.1NRT,292.29,6.16,D
36.97887,126.70618,313.29,1.05,1.02,2025-04-06,0538,Aqua,MODIS,57,6.1NRT,298.85,10.15,D
35.40265,129.25943,308.67,1,1,2025-04-06,0538,Aqua,MODIS,62,6.1NRT,293.41,6.89,D
34.95852,127.42661,305.03,1.05,1.02,2025-04-06,0538,Aqua,MODIS,42,6.1NRT,291.25,5.48,D
36.98359,126.69442,308.75,1.62,1.25,2025-04-07,0147,Terra,MODIS,40,6.1NRT,293.41,12.5,D
37.41328,126.70305,307.07,1.58,1.24,2025-04-07,0147,Terra,MODIS,39,6.1NRT,292.09,10.01,D
37.4026,126.69984,307.67,1.58,1.24,2025-04-07,0147,Terra,MODIS,25,6.1NRT,293.19,10.87,D
36.98021,126.71172,309.44,1.62,1.25,2025-04-07,0147,Terra,MODIS,59,6.1NRT,293.67,14.23,D
35.16275,127.93641,307.28,2.13,1.42,2025-04-07,0147,Terra,MODIS,58,6.1NRT,293.53,19.06,D
35.17484,127.84479,305.87,2.61,1.55,2025-04-07,0614,Aqua,MODIS,57,6.1NRT,286.05,20.16,D
36.98724,126.70684,301.26,1.43,1.18,2025-04-07,1815,Aqua,MODIS,39,6.1NRT,281.6,13.39,N
35.73144,128.46326,313.51,1.56,1.23,2025-04-08,0516,Aqua,MODIS,69,6.1NRT,303.16,15.96,D
35.21299,128.8287,316.29,1.52,1.22,2025-04-08,0516,Aqua,MODIS,69,6.1NRT,304.57,12.63,D
35.22166,128.14325,315.31,1.67,1.27,2025-04-08,0516,Aqua,MODIS,55,6.1NRT,301.66,15.7,D
35.66594,129.30701,316.05,1.4,1.17,2025-04-08,0516,Aqua,MODIS,46,6.1NRT,304.67,12.98,D
35.88609,128.5499,316.68,1.53,1.22,2025-04-08,0516,Aqua,MODIS,12,6.1NRT,302.88,14.19,D
35.90895,128.61124,314.37,1.51,1.21,2025-04-08,0516,Aqua,MODIS,0,6.1NRT,301.94,11.71,D
35.96564,128.41635,310.54,1.55,1.23,2025-04-08,0516,Aqua,MODIS,41,6.1NRT,299.13,8.85,D
35.67108,129.32271,303.09,1.3,1.13,2025-04-09,0128,Terra,MODIS,35,6.1NRT,282.84,6.3,D
35.3727,129.25368,304.2,1.31,1.13,2025-04-09,0128,Terra,MODIS,53,6.1NRT,288.74,7.38,D
35.24798,128.16492,307.29,1.17,1.08,2025-04-09,0128,Terra,MODIS,65,6.1NRT,285.04,8.92,D
36.9912,126.71114,301.26,1,1,2025-04-10,1834,Aqua,MODIS,39,6.1NRT,283.58,8.19,N
38.60804,128.34387,314.93,1.12,1.06,2025-04-11,0109,Terra,MODIS,67,6.1NRT,296.17,10.13,D
37.48011,129.05301,306.87,1.05,1.02,2025-04-11,0109,Terra,MODIS,60,6.1NRT,296.15,4.67,D
38.60217,128.33688,310.38,1.12,1.06,2025-04-11,0109,Terra,MODIS,32,6.1NRT,297.19,6.26,D
36.98473,126.69654,320.41,1.08,1.04,2025-04-11,0536,Aqua,MODIS,57,6.1NRT,302.33,11.65,D
35.96539,126.60826,316.43,1.12,1.05,2025-04-11,0536,Aqua,MODIS,55,6.1NRT,301.85,9.89,D
38.60567,128.3445,320.15,1,1,2025-04-11,0538,Aqua,MODIS,70,6.1NRT,297.59,13.5,D
38.09488,126.88309,315.88,1.04,1.02,2025-04-11,0538,Aqua,MODIS,70,6.1NRT,301.21,8.25,D
38.60403,128.33337,322.19,1,1,2025-04-11,0538,Aqua,MODIS,76,6.1NRT,299.59,15.19,D
38.1382,126.93552,328.61,1.59,1.24,2025-04-11,1212,Terra,MODIS,100,6.1NRT,278.65,59.17,N
38.10687,126.89,323.74,1.6,1.25,2025-04-11,1212,Terra,MODIS,77,6.1NRT,277.63,46.08,N
38.11028,126.90793,327.47,1.6,1.24,2025-04-11,1212,Terra,MODIS,100,6.1NRT,278.2,55.71,N
38.09274,126.87564,313.79,1.6,1.25,2025-04-11,1212,Terra,MODIS,88,6.1NRT,276.64,30.19,N
38.08942,126.85828,309.34,1.61,1.25,2025-04-11,1212,Terra,MODIS,36,6.1NRT,276.5,23.29,N
38.11351,126.92496,311.05,1.59,1.24,2025-04-11,1212,Terra,MODIS,14,6.1NRT,277.99,23.72,N
38.16785,126.95638,311.62,1.58,1.24,2025-04-11,1212,Terra,MODIS,83,6.1NRT,278.4,27.45,N
38.13983,126.92878,316.75,1.59,1.24,2025-04-11,1212,Terra,MODIS,76,6.1NRT,277.44,33.35,N
38.14311,126.94566,314.64,1.58,1.24,2025-04-11,1212,Terra,MODIS,43,6.1NRT,276.56,28.79,N
38.14138,126.95243,305.76,1.58,1.24,2025-04-11,1212,Terra,MODIS,64,6.1NRT,276.77,18.58,N
35.86212,128.82881,312.58,1.28,1.12,2025-04-14,0128,Terra,MODIS,39,6.1NRT,289.13,13.97,D
35.87185,128.83136,312,1.28,1.12,2025-04-14,0128,Terra,MODIS,49,6.1NRT,287.13,12.79,D
36.9842,126.70748,308.52,1.02,1.01,2025-04-14,1232,Terra,MODIS,75,6.1NRT,279.92,13.45,N
35.09571,128.86536,309.36,1.01,1,2025-04-16,0109,Terra,MODIS,21,6.1NRT,295.97,5.96,D
35.19213,128.70303,309.49,1.01,1.01,2025-04-16,0109,Terra,MODIS,27,6.1NRT,297.45,7.19,D
35.61732,129.22946,306.77,1,1,2025-04-16,0109,Terra,MODIS,64,6.1NRT,288.99,6.97,D
34.81628,127.92565,304.72,1.05,1.02,2025-04-16,0111,Terra,MODIS,51,6.1NRT,289.45,6.34,D
35.86142,128.83504,303.43,1.34,1.15,2025-04-19,0130,Terra,MODIS,26,6.1NRT,278.47,5.26,D
36.2477,126.86955,309.84,1.09,1.04,2025-04-19,0130,Terra,MODIS,64,6.1NRT,289.64,5.5,D
36.97207,126.76896,318.32,1.16,1.07,2025-04-21,0531,Aqua,MODIS,0,6.1NRT,295.87,15.5,D
37.01148,127.94482,315.65,1.06,1.03,2025-04-21,0531,Aqua,MODIS,54,6.1NRT,302.97,8.51,D
37.48197,129.05156,309.23,1.01,1,2025-04-21,0533,Aqua,MODIS,53,6.1NRT,298.81,6.16,D
36.98727,126.69775,311.79,2.28,1.46,2025-04-23,0512,Aqua,MODIS,0,6.1NRT,297.31,22.89,D
37.24681,127.59855,307.33,1.16,1.07,2025-04-24,0132,Terra,MODIS,42,6.1NRT,293.96,6.74,D
37.01525,127.94753,309.33,1.21,1.1,2025-04-24,0132,Terra,MODIS,25,6.1NRT,295.91,7.96,D
37.06203,126.96914,310.9,1.11,1.05,2025-04-24,0132,Terra,MODIS,64,6.1NRT,295.27,7,D
36.96917,126.85227,314.7,1.1,1.05,2025-04-24,0132,Terra,MODIS,0,6.1NRT,293.79,10.08,D
36.98319,126.70806,314.96,1.09,1.04,2025-04-24,0132,Terra,MODIS,62,6.1NRT,292.9,10.89,D
36.4423,127.39993,311.37,1.17,1.08,2025-04-24,0132,Terra,MODIS,35,6.1NRT,297.69,9.68,D
36.14966,128.44104,312.6,1.33,1.14,2025-04-24,0132,Terra,MODIS,45,6.1NRT,297.44,11.69,D
36.48795,126.37911,306.73,1.07,1.03,2025-04-24,0132,Terra,MODIS,60,6.1NRT,289.85,6.94,D
36.31986,126.95821,305.46,1.13,1.06,2025-04-24,0132,Terra,MODIS,50,6.1NRT,293.17,5.37,D
35.87025,128.83984,311.19,1.41,1.18,2025-04-24,0132,Terra,MODIS,16,6.1NRT,295.78,8.94,D
36.17867,127.0175,308.15,1.14,1.06,2025-04-24,0132,Terra,MODIS,48,6.1NRT,292.62,5.37,D
35.66724,129.31331,310.69,1.51,1.21,2025-04-24,0132,Terra,MODIS,39,6.1NRT,298.18,11.45,D
35.73015,128.46686,308.53,1.35,1.15,2025-04-24,0132,Terra,MODIS,60,6.1NRT,295.95,10.74,D
35.95478,127.01248,305.71,1.15,1.07,2025-04-24,0132,Terra,MODIS,46,6.1NRT,287.69,5.01,D
35.41615,129.1572,312.19,1.5,1.21,2025-04-24,0132,Terra,MODIS,43,6.1NRT,298.95,15.93,D
35.37034,129.2562,306.29,1.53,1.22,2025-04-24,0132,Terra,MODIS,53,6.1NRT,295.52,10.26,D
35.23763,128.0921,303.36,1.32,1.14,2025-04-24,0132,Terra,MODIS,32,6.1NRT,291.16,5.63,D
35.17158,128.11296,309.3,1.33,1.14,2025-04-24,0132,Terra,MODIS,38,6.1NRT,295.05,8.9,D
37.87823,127.20229,309.7,1.1,1.05,2025-04-24,0132,Terra,MODIS,64,6.1NRT,294.66,6.03,D
37.29548,127.80424,309.18,1.19,1.08,2025-04-24,0132,Terra,MODIS,56,6.1NRT,297.03,9.37,D
37.39178,126.71287,308.5,1.08,1.04,2025-04-24,0132,Terra,MODIS,0,6.1NRT,295.76,6.2,D
38.55907,128.33533,300.08,1.05,1.03,2025-04-24,1234,Terra,MODIS,15,6.1NRT,280.98,7.18,N
36.98579,126.70341,300.76,1,1,2025-04-24,1234,Terra,MODIS,33,6.1NRT,284.82,6.75,N
36.98423,126.6925,301.21,1,1,2025-04-24,1234,Terra,MODIS,39,6.1NRT,284.32,6.84,N
37.48251,129.0524,309.13,1,1,2025-04-26,0111,Terra,MODIS,68,6.1NRT,297.8,6.86,D
36.00347,129.37636,314.44,1,1,2025-04-26,0111,Terra,MODIS,48,6.1NRT,300.26,5.52,D
37.42024,129.17462,308.22,1,1,2025-04-26,0111,Terra,MODIS,53,6.1NRT,294.92,5.3,D
35.37053,128.4906,309.41,1,1,2025-04-26,0113,Terra,MODIS,33,6.1NRT,297.77,5.23,D
36.6956,127.2125,314.94,1.18,1.08,2025-04-26,0531,Aqua,MODIS,72,6.1NRT,298.48,12.37,D
37.92413,128.31216,336.18,1.05,1.02,2025-04-26,0531,Aqua,MODIS,89,6.1NRT,292.73,38.23,D
37.93293,128.3093,310.4,1.05,1.02,2025-04-26,0531,Aqua,MODIS,43,6.1NRT,293.44,7.88,D
37.92222,128.30029,323.2,1.05,1.02,2025-04-26,0531,Aqua,MODIS,81,6.1NRT,294.32,20.5,D
35.92409,128.41776,313.25,1.09,1.04,2025-04-26,0531,Aqua,MODIS,48,6.1NRT,301.35,7.93,D
35.90934,128.61359,317.91,1.07,1.03,2025-04-26,0531,Aqua,MODIS,0,6.1NRT,305.72,8.76,D
35.87565,128.46617,314.46,1.08,1.04,2025-04-26,0531,Aqua,MODIS,39,6.1NRT,304.01,8.83,D
35.20182,126.79773,319.18,1.31,1.13,2025-04-26,0531,Aqua,MODIS,33,6.1NRT,303.61,13.06,D
35.11835,128.10487,312.59,1.14,1.06,2025-04-26,0531,Aqua,MODIS,46,6.1NRT,301.34,6.99,D
34.67324,126.74477,308.29,1.34,1.15,2025-04-26,0531,Aqua,MODIS,61,6.1NRT,297.5,7.82,D
35.27065,128.98936,305.4,1.95,1.36,2025-04-28,0510,Aqua,MODIS,7,6.1NRT,291.52,10.79,D
35.92463,128.58617,304.27,2.38,1.49,2025-04-28,1155,Terra,MODIS,59,6.1NRT,287.59,27.46,N
35.91919,128.56097,319.81,2.39,1.49,2025-04-28,1155,Terra,MODIS,99,6.1NRT,288.44,70.04,N
35.92189,128.56561,323.79,2.39,1.49,2025-04-28,1155,Terra,MODIS,100,6.1NRT,288.62,82.38,N
36.98643,126.70512,306.12,1.17,1.08,2025-04-28,1849,Aqua,MODIS,67,6.1NRT,283.72,14.01,N
37.14983,128.1624,307.87,1.29,1.13,2025-04-29,0132,Terra,MODIS,32,6.1NRT,295.41,8.57,D
37.057,126.97253,311.14,1.14,1.07,2025-04-29,0132,Terra,MODIS,68,6.1NRT,297.45,6.6,D
36.97419,126.85486,319.32,1.13,1.06,2025-04-29,0132,Terra,MODIS,43,6.1NRT,299.12,13.46,D
36.96668,126.85983,311.12,1.13,1.06,2025-04-29,0132,Terra,MODIS,0,6.1NRT,296.71,6.99,D
36.9512,126.77939,310.35,1.13,1.06,2025-04-29,0132,Terra,MODIS,0,6.1NRT,297.31,6.24,D
37.87582,127.20271,309.52,1.14,1.06,2025-04-29,0132,Terra,MODIS,35,6.1NRT,295.04,5.61,D
37.18673,128.47615,305.77,1.33,1.14,2025-04-29,0132,Terra,MODIS,43,6.1NRT,293.6,9.23,D
37.29527,127.81064,307.74,1.23,1.1,2025-04-29,0132,Terra,MODIS,29,6.1NRT,295.6,8.14,D
36.70153,127.41573,310.15,1.21,1.09,2025-04-29,0132,Terra,MODIS,33,6.1NRT,297.39,7.82,D
36.85596,126.44789,311,1.1,1.05,2025-04-29,0132,Terra,MODIS,52,6.1NRT,300.02,8.64,D
36.39426,128.03865,303.87,1.31,1.13,2025-04-29,0132,Terra,MODIS,46,6.1NRT,291.85,6.99,D
35.11718,128.10336,309.18,1.39,1.17,2025-04-29,0134,Terra,MODIS,49,6.1NRT,297.01,10.17,D
36.48615,126.38683,324.12,1.1,1.05,2025-04-29,0134,Terra,MODIS,62,6.1NRT,293.43,23.47,D
36.16892,128.1371,317.02,1.34,1.15,2025-04-29,0134,Terra,MODIS,55,6.1NRT,299.01,15.23,D
35.69618,129.1916,303.63,1.57,1.23,2025-04-29,0134,Terra,MODIS,19,6.1NRT,293.63,9.02,D
35.95312,127.00578,311.77,1.19,1.08,2025-04-29,0134,Terra,MODIS,57,6.1NRT,298.17,7.26,D
35.36948,129.25702,305.25,1.6,1.25,2025-04-29,0134,Terra,MODIS,53,6.1NRT,293.42,12.54,D
35.32056,129.20131,303.33,1.6,1.24,2025-04-29,0134,Terra,MODIS,27,6.1NRT,293.08,10,D
36.97812,126.70195,323.67,1.02,1.01,2025-04-29,0550,Aqua,MODIS,70,6.1NRT,303.86,14.78,D
36.98523,126.69556,314.79,1,1,2025-04-29,1234,Terra,MODIS,90,6.1NRT,286.93,15.71,N
36.98674,126.70647,308.19,1,1,2025-04-29,1234,Terra,MODIS,74,6.1NRT,287.26,10.44,N
